camera_id,timestamp,track_id,bbox,confidence
CAM_01,2026-04-02 16:16:47,1,"(383, 37, 908, 698)",0.950127899646759
CAM_01,2026-04-02 16:16:48,1,"(331, 6, 946, 710)",0.9598655700683594
CAM_01,2026-04-02 16:16:48,1,"(297, 2, 1007, 713)",0.9393534064292908
CAM_01,2026-04-02 16:16:48,1,"(252, 0, 1109, 715)",0.8727146983146667
CAM_01,2026-04-02 16:16:49,1,"(221, 0, 1191, 715)",0.8577389717102051
CAM_01,2026-04-02 16:16:49,1,"(193, 1, 1246, 715)",0.8510505557060242
CAM_01,2026-04-02 16:16:51,1,"(121, 1, 1271, 713)",0.838665783405304
CAM_01,2026-04-02 16:16:53,1,"(20, 0, 1163, 715)",0.8054487109184265
CAM_01,2026-04-02 16:16:54,1,"(0, 0, 854, 706)",0.8558104634284973
CAM_01,2026-04-02 16:16:55,1,"(0, 0, 622, 706)",0.7069510817527771
CAM_01,2026-04-02 16:16:55,4,"(627, 206, 883, 712)",0.8771278858184814
CAM_01,2026-04-02 16:16:57,1,"(0, 0, 669, 704)",0.8980363011360168
CAM_01,2026-04-02 16:16:57,4,"(621, 180, 894, 708)",0.8905046582221985
CAM_01,2026-04-02 16:16:57,6,"(556, 283, 621, 471)",0.6993599534034729
CAM_01,2026-04-02 16:16:59,1,"(65, 0, 644, 707)",0.8241752982139587
CAM_01,2026-04-02 16:16:59,4,"(597, 163, 878, 710)",0.8973591923713684
CAM_01,2026-04-02 16:16:59,6,"(518, 274, 586, 457)",0.7103073000907898
CAM_01,2026-04-02 16:17:00,1,"(159, 6, 695, 712)",0.9259598255157471
CAM_01,2026-04-02 16:17:00,4,"(572, 164, 848, 715)",0.8573776483535767
CAM_01,2026-04-02 16:17:02,1,"(201, 32, 797, 715)",0.8594075441360474
CAM_01,2026-04-02 16:17:03,1,"(222, 46, 827, 713)",0.8548218011856079
CAM_01,2026-04-02 16:17:05,1,"(237, 48, 847, 711)",0.8241883516311646
CAM_01,2026-04-02 16:17:06,1,"(241, 59, 853, 714)",0.9050964713096619
CAM_01,2026-04-02 16:17:08,1,"(237, 54, 765, 713)",0.8445739150047302
CAM_01,2026-04-02 16:17:08,4,"(587, 166, 822, 711)",0.6002007126808167
CAM_01,2026-04-02 16:17:09,1,"(234, 44, 732, 713)",0.9046558737754822
CAM_01,2026-04-02 16:17:09,4,"(567, 166, 827, 714)",0.7257465124130249
CAM_01,2026-04-02 16:17:11,1,"(232, 58, 637, 713)",0.8462576270103455
CAM_01,2026-04-02 16:17:11,4,"(577, 162, 879, 714)",0.9004855155944824
CAM_01,2026-04-02 16:17:11,6,"(489, 269, 540, 460)",0.7062561511993408
CAM_01,2026-04-02 16:17:13,1,"(221, 71, 569, 712)",0.8851351141929626
CAM_01,2026-04-02 16:17:13,4,"(612, 161, 926, 713)",0.932106077671051
CAM_01,2026-04-02 16:17:13,6,"(511, 265, 583, 482)",0.8238279223442078
CAM_01,2026-04-02 16:17:14,1,"(240, 108, 580, 712)",0.9114009141921997
CAM_01,2026-04-02 16:17:14,4,"(642, 157, 964, 712)",0.8988610506057739
CAM_01,2026-04-02 16:17:14,6,"(539, 260, 616, 487)",0.776561975479126
CAM_01,2026-04-02 16:17:16,1,"(257, 113, 592, 711)",0.930660605430603
CAM_01,2026-04-02 16:17:16,4,"(660, 151, 981, 712)",0.9317940473556519
CAM_01,2026-04-02 16:17:16,6,"(559, 255, 633, 486)",0.7150675058364868
CAM_01,2026-04-02 16:17:17,1,"(260, 141, 571, 713)",0.9165695905685425
CAM_01,2026-04-02 16:17:17,4,"(667, 151, 988, 714)",0.9338023662567139
CAM_01,2026-04-02 16:17:17,6,"(554, 255, 638, 493)",0.7757328748703003
CAM_01,2026-04-02 16:17:17,1,"(270, 149, 544, 715)",0.9223660230636597
CAM_01,2026-04-02 16:17:17,4,"(670, 156, 993, 715)",0.9218237400054932
CAM_01,2026-04-02 16:17:17,6,"(549, 258, 634, 498)",0.7881273031234741
CAM_01,2026-04-02 16:17:18,1,"(275, 154, 536, 715)",0.9155032634735107
CAM_01,2026-04-02 16:17:18,4,"(671, 157, 996, 715)",0.9186933040618896
CAM_01,2026-04-02 16:17:18,6,"(545, 259, 632, 499)",0.79805588722229
CAM_01,2026-04-02 16:17:18,1,"(283, 162, 534, 716)",0.9213485717773438
CAM_01,2026-04-02 16:17:18,4,"(672, 157, 991, 714)",0.9238486886024475
CAM_01,2026-04-02 16:17:18,6,"(541, 258, 628, 498)",0.8348322510719299
CAM_01,2026-04-02 16:17:18,1,"(296, 169, 543, 715)",0.9067444205284119
CAM_01,2026-04-02 16:17:18,4,"(672, 155, 991, 714)",0.9159561991691589
CAM_01,2026-04-02 16:17:18,6,"(540, 256, 625, 495)",0.8311110138893127
CAM_01,2026-04-02 16:17:19,1,"(309, 169, 549, 715)",0.9077692031860352
CAM_01,2026-04-02 16:17:19,4,"(673, 155, 991, 714)",0.9113287329673767
CAM_01,2026-04-02 16:17:19,6,"(541, 253, 623, 493)",0.8345403671264648
CAM_01,2026-04-02 16:17:19,1,"(317, 162, 553, 716)",0.9168592095375061
CAM_01,2026-04-02 16:17:19,4,"(675, 155, 994, 714)",0.9093721508979797
CAM_01,2026-04-02 16:17:19,6,"(541, 252, 622, 495)",0.8180097937583923
CAM_01,2026-04-02 16:17:20,1,"(325, 162, 558, 716)",0.9077509045600891
CAM_01,2026-04-02 16:17:20,4,"(676, 155, 992, 714)",0.9135622382164001
CAM_01,2026-04-02 16:17:20,6,"(543, 252, 621, 498)",0.8053687214851379
CAM_01,2026-04-02 16:17:20,1,"(332, 166, 561, 715)",0.9047513008117676
CAM_01,2026-04-02 16:17:20,4,"(676, 155, 990, 714)",0.9176158308982849
CAM_01,2026-04-02 16:17:20,6,"(544, 252, 620, 500)",0.8011823296546936
CAM_01,2026-04-02 16:17:21,1,"(342, 184, 563, 714)",0.9009659290313721
CAM_01,2026-04-02 16:17:21,4,"(677, 155, 991, 714)",0.9171949625015259
CAM_01,2026-04-02 16:17:21,6,"(543, 252, 620, 501)",0.809579610824585
CAM_01,2026-04-02 16:17:21,1,"(349, 190, 561, 713)",0.8905177712440491
CAM_01,2026-04-02 16:17:21,4,"(679, 155, 994, 714)",0.9112167954444885
CAM_01,2026-04-02 16:17:21,6,"(542, 252, 621, 500)",0.8192474246025085
CAM_01,2026-04-02 16:17:22,1,"(357, 189, 559, 712)",0.8812230229377747
CAM_01,2026-04-02 16:17:22,4,"(682, 153, 997, 714)",0.9144980311393738
CAM_01,2026-04-02 16:17:22,6,"(545, 250, 624, 500)",0.8058663010597229
CAM_01,2026-04-02 16:17:22,20,"(654, 279, 708, 441)",0.5772605538368225
CAM_01,2026-04-02 16:17:22,1,"(364, 187, 558, 711)",0.8905155062675476
CAM_01,2026-04-02 16:17:22,4,"(684, 153, 999, 713)",0.9111649990081787
CAM_01,2026-04-02 16:17:22,6,"(548, 249, 627, 500)",0.8270604610443115
CAM_01,2026-04-02 16:17:22,20,"(655, 278, 708, 441)",0.6226974725723267
CAM_01,2026-04-02 16:17:23,1,"(370, 189, 559, 710)",0.9028854966163635
CAM_01,2026-04-02 16:17:23,4,"(685, 153, 997, 713)",0.92083340883255
CAM_01,2026-04-02 16:17:23,6,"(549, 247, 629, 500)",0.8353573083877563
CAM_01,2026-04-02 16:17:23,20,"(654, 278, 708, 441)",0.6477734446525574
CAM_01,2026-04-02 16:17:23,1,"(373, 195, 561, 710)",0.8870140314102173
CAM_01,2026-04-02 16:17:23,4,"(686, 153, 996, 713)",0.9225344657897949
CAM_01,2026-04-02 16:17:23,6,"(549, 245, 631, 499)",0.8258903622627258
CAM_01,2026-04-02 16:17:23,20,"(654, 277, 708, 440)",0.6528307795524597
CAM_01,2026-04-02 16:17:23,1,"(382, 199, 566, 708)",0.890972912311554
CAM_01,2026-04-02 16:17:23,4,"(685, 155, 995, 713)",0.925980269908905
CAM_01,2026-04-02 16:17:23,6,"(551, 245, 632, 500)",0.8018919229507446
CAM_01,2026-04-02 16:17:23,20,"(654, 277, 708, 440)",0.6657421588897705
CAM_01,2026-04-02 16:17:24,1,"(391, 204, 573, 703)",0.8870719075202942
CAM_01,2026-04-02 16:17:24,4,"(685, 154, 995, 713)",0.9229971766471863
CAM_01,2026-04-02 16:17:24,6,"(557, 244, 634, 499)",0.8150858879089355
CAM_01,2026-04-02 16:17:24,20,"(654, 277, 708, 438)",0.6369243860244751
CAM_01,2026-04-02 16:17:24,1,"(401, 206, 581, 686)",0.8870252966880798
CAM_01,2026-04-02 16:17:24,4,"(686, 153, 995, 713)",0.9248929619789124
CAM_01,2026-04-02 16:17:24,6,"(562, 244, 636, 499)",0.8645448088645935
CAM_01,2026-04-02 16:17:24,20,"(654, 277, 708, 438)",0.6765356659889221
CAM_01,2026-04-02 16:17:25,1,"(407, 202, 589, 667)",0.9107933640480042
CAM_01,2026-04-02 16:17:25,4,"(687, 153, 995, 713)",0.926790177822113
CAM_01,2026-04-02 16:17:25,6,"(566, 245, 637, 499)",0.8403982520103455
CAM_01,2026-04-02 16:17:25,20,"(654, 277, 708, 438)",0.6856864094734192
CAM_01,2026-04-02 16:17:25,1,"(414, 200, 593, 657)",0.90692538022995
CAM_01,2026-04-02 16:17:25,4,"(688, 152, 995, 713)",0.9268503189086914
CAM_01,2026-04-02 16:17:25,6,"(568, 245, 638, 499)",0.8348820805549622
CAM_01,2026-04-02 16:17:25,20,"(656, 278, 709, 435)",0.6659568548202515
CAM_01,2026-04-02 16:17:25,1,"(417, 203, 597, 653)",0.8854045867919922
CAM_01,2026-04-02 16:17:25,4,"(689, 152, 996, 713)",0.9241454601287842
CAM_01,2026-04-02 16:17:25,6,"(569, 244, 638, 499)",0.8367671966552734
CAM_01,2026-04-02 16:17:25,20,"(657, 277, 709, 433)",0.6444446444511414
CAM_01,2026-04-02 16:17:26,1,"(419, 205, 598, 655)",0.8885323405265808
CAM_01,2026-04-02 16:17:26,4,"(689, 151, 997, 713)",0.9262102842330933
CAM_01,2026-04-02 16:17:26,6,"(570, 244, 638, 499)",0.820829451084137
CAM_01,2026-04-02 16:17:26,20,"(658, 277, 710, 433)",0.6288285851478577
CAM_01,2026-06-03 14:47:41,1,"(383, 37, 908, 698)",0.950127899646759
CAM_01,2026-06-03 14:47:41,1,"(620, 168, 927, 701)",0.8687522411346436
CAM_01,2026-06-03 14:47:41,1,"(626, 172, 901, 714)",0.891065776348114
CAM_01,2026-06-03 14:47:41,2,"(5, 0, 554, 709)",0.8277823328971863
CAM_01,2026-06-03 14:47:41,3,"(546, 279, 614, 470)",0.6797193288803101
CAM_01,2026-06-03 14:47:41,1,"(621, 170, 894, 716)",0.8944339752197266
CAM_01,2026-06-03 14:47:41,2,"(25, 3, 665, 709)",0.8090798854827881
CAM_01,2026-06-03 14:47:41,3,"(540, 277, 608, 468)",0.7322826385498047
CAM_01,2026-06-03 14:47:41,1,"(618, 167, 895, 717)",0.9078036546707153
CAM_01,2026-06-03 14:47:41,2,"(60, 4, 624, 711)",0.8376005291938782
CAM_01,2026-06-03 14:47:41,3,"(533, 275, 603, 468)",0.7667980194091797
CAM_01,2026-06-03 14:47:42,1,"(613, 165, 894, 717)",0.9119327068328857
CAM_01,2026-06-03 14:47:42,2,"(88, 3, 642, 713)",0.7430070638656616
CAM_01,2026-06-03 14:47:42,3,"(525, 272, 597, 466)",0.792640209197998
CAM_01,2026-06-03 14:47:42,1,"(605, 165, 893, 716)",0.9167956709861755
CAM_01,2026-06-03 14:47:42,2,"(111, 1, 628, 713)",0.8030821084976196
CAM_01,2026-06-03 14:47:42,3,"(518, 272, 591, 475)",0.7294784784317017
CAM_01,2026-06-03 14:47:42,1,"(599, 164, 881, 716)",0.8973591923713684
CAM_01,2026-06-03 14:47:42,2,"(127, 0, 645, 714)",0.8241752982139587
CAM_01,2026-06-03 14:47:42,3,"(516, 274, 587, 463)",0.7103073000907898
CAM_01,2026-06-03 14:47:42,1,"(592, 165, 869, 716)",0.9108867049217224
CAM_01,2026-06-03 14:47:42,2,"(139, 2, 639, 713)",0.8104249835014343
CAM_01,2026-06-03 14:47:42,3,"(511, 274, 581, 453)",0.7619091868400574
CAM_01,2026-06-03 14:47:42,1,"(586, 165, 861, 716)",0.8902021646499634
CAM_01,2026-06-03 14:47:42,2,"(149, 4, 648, 713)",0.7758211493492126
CAM_01,2026-06-03 14:47:42,3,"(511, 275, 576, 448)",0.563174307346344
CAM_01,2026-06-03 14:47:43,1,"(581, 164, 853, 716)",0.868007242679596
CAM_01,2026-06-03 14:47:43,2,"(160, 4, 645, 713)",0.8056254982948303
CAM_01,2026-06-03 14:47:43,1,"(576, 163, 846, 715)",0.8532043695449829
CAM_01,2026-06-03 14:47:43,2,"(170, 4, 648, 713)",0.794829785823822
CAM_01,2026-06-03 14:47:43,1,"(570, 165, 837, 714)",0.845004141330719
CAM_01,2026-06-03 14:47:43,2,"(179, 3, 652, 713)",0.8476561903953552
CAM_01,2026-06-03 14:47:43,1,"(569, 165, 835, 713)",0.8450285792350769
CAM_01,2026-06-03 14:47:43,2,"(189, 2, 689, 712)",0.8602989315986633
CAM_01,2026-06-03 14:47:43,1,"(572, 165, 835, 713)",0.8556849360466003
CAM_01,2026-06-03 14:47:43,2,"(198, 1, 721, 712)",0.8995243906974792
CAM_01,2026-06-03 14:47:44,1,"(570, 165, 839, 713)",0.8573776483535767
CAM_01,2026-06-03 14:47:44,2,"(205, 5, 728, 712)",0.9259598255157471
CAM_01,2026-06-03 14:47:44,1,"(572, 163, 841, 712)",0.8453922867774963
CAM_01,2026-06-03 14:47:44,2,"(209, 12, 726, 712)",0.9071805477142334
CAM_01,2026-06-03 14:47:44,1,"(572, 164, 840, 712)",0.8216934204101562
CAM_01,2026-06-03 14:47:44,2,"(213, 16, 732, 712)",0.8855210542678833
CAM_01,2026-06-03 14:47:44,1,"(577, 251, 842, 713)",0.5953826308250427
CAM_01,2026-06-03 14:47:44,2,"(216, 21, 699, 712)",0.8616000413894653
CAM_01,2026-06-03 14:47:44,1,"(576, 195, 842, 712)",0.7303855419158936
CAM_01,2026-06-03 14:47:44,2,"(218, 28, 767, 712)",0.8302760720252991
CAM_01,2026-06-03 14:47:45,1,"(576, 176, 843, 713)",0.8024997711181641
CAM_01,2026-06-03 14:47:45,2,"(219, 35, 711, 713)",0.8160475492477417
CAM_01,2026-06-03 14:47:45,2,"(221, 41, 792, 711)",0.791607677936554
CAM_01,2026-06-03 14:47:45,2,"(223, 43, 830, 712)",0.8594075441360474
CAM_01,2026-06-03 14:47:45,19,"(655, 170, 775, 446)",0.7019708752632141
CAM_01,2026-06-03 14:47:45,1,"(605, 172, 846, 713)",0.5046819448471069
CAM_01,2026-06-03 14:47:45,2,"(225, 46, 843, 712)",0.7713025808334351
CAM_01,2026-06-03 14:47:45,2,"(227, 47, 847, 713)",0.8092843890190125
CAM_01,2026-06-03 14:47:45,19,"(649, 167, 767, 450)",0.5520259737968445
CAM_01,2026-06-03 14:47:46,2,"(229, 49, 845, 712)",0.8880460262298584
CAM_01,2026-06-03 14:47:46,19,"(650, 169, 763, 455)",0.5095793008804321
CAM_01,2026-06-03 14:47:46,2,"(229, 50, 841, 712)",0.8557512760162354
CAM_01,2026-06-03 14:47:46,2,"(227, 51, 842, 712)",0.8358291387557983
CAM_01,2026-06-03 14:47:46,2,"(226, 52, 840, 712)",0.8079226016998291
CAM_01,2026-06-03 14:47:46,2,"(225, 53, 837, 711)",0.8548218011856079
CAM_01,2026-06-03 14:47:47,2,"(225, 53, 835, 711)",0.8399398922920227
CAM_01,2026-06-03 14:47:47,2,"(224, 55, 836, 711)",0.8764527440071106
CAM_01,2026-06-03 14:47:47,2,"(224, 54, 838, 711)",0.8948374390602112
CAM_01,2026-06-03 14:47:47,2,"(226, 53, 839, 711)",0.8804556131362915
CAM_01,2026-06-03 14:47:47,2,"(226, 51, 841, 711)",0.8463510274887085
CAM_01,2026-06-03 14:47:48,2,"(227, 50, 840, 711)",0.8324133157730103
CAM_01,2026-06-03 14:47:48,2,"(227, 50, 840, 711)",0.8241883516311646
CAM_01,2026-06-03 14:47:48,1,"(600, 167, 837, 713)",0.5020278692245483
CAM_01,2026-06-03 14:47:48,2,"(227, 50, 840, 711)",0.8473029732704163
CAM_01,2026-06-03 14:47:48,2,"(227, 51, 840, 711)",0.8378159403800964
CAM_01,2026-06-03 14:47:48,2,"(227, 53, 839, 711)",0.8137578368186951
CAM_01,2026-06-03 14:47:49,2,"(227, 55, 838, 712)",0.818358838558197
CAM_01,2026-06-03 14:47:49,2,"(227, 56, 837, 712)",0.8243609666824341
CAM_01,2026-06-03 14:47:49,2,"(226, 57, 837, 712)",0.8479317426681519
CAM_01,2026-06-03 14:47:49,2,"(224, 59, 835, 712)",0.9050964713096619
CAM_01,2026-06-03 14:47:49,2,"(224, 60, 833, 712)",0.870360791683197
CAM_01,2026-06-03 14:47:50,2,"(224, 61, 824, 712)",0.9010646939277649
CAM_01,2026-06-03 14:47:50,2,"(223, 59, 801, 712)",0.8567813038825989
CAM_01,2026-06-03 14:47:50,2,"(222, 53, 791, 712)",0.8556824326515198
CAM_01,2026-06-03 14:47:50,2,"(221, 50, 805, 712)",0.8998003005981445
CAM_01,2026-06-03 14:47:50,1,"(573, 168, 819, 711)",0.5118634104728699
CAM_01,2026-06-03 14:47:51,2,"(221, 47, 817, 712)",0.8912976980209351
CAM_01,2026-06-03 14:47:51,1,"(573, 165, 825, 711)",0.607659637928009
CAM_01,2026-06-03 14:47:51,2,"(219, 47, 741, 711)",0.8445739150047302
CAM_01,2026-06-03 14:47:51,1,"(571, 164, 813, 711)",0.6002007126808167
CAM_01,2026-06-03 14:47:51,2,"(217, 43, 705, 711)",0.8388887643814087
CAM_01,2026-06-03 14:47:51,1,"(563, 166, 827, 712)",0.7222155928611755
CAM_01,2026-06-03 14:47:51,2,"(215, 41, 693, 711)",0.8954724073410034
CAM_01,2026-06-03 14:47:51,1,"(552, 168, 815, 712)",0.7565173506736755
CAM_01,2026-06-03 14:47:51,2,"(212, 39, 694, 711)",0.8726862072944641
CAM_01,2026-06-03 14:47:51,1,"(555, 166, 802, 713)",0.7189853191375732
CAM_01,2026-06-03 14:47:51,2,"(212, 37, 694, 712)",0.9217603206634521
CAM_01,2026-06-03 14:47:51,1,"(552, 167, 796, 713)",0.6864485144615173
CAM_01,2026-06-03 14:47:52,2,"(214, 37, 701, 712)",0.9200087189674377
CAM_01,2026-06-03 14:47:52,1,"(548, 167, 797, 713)",0.6918314099311829
CAM_01,2026-06-03 14:47:52,2,"(216, 36, 703, 713)",0.9251430630683899
CAM_01,2026-06-03 14:47:52,1,"(548, 166, 790, 712)",0.7427117824554443
CAM_01,2026-06-03 14:47:52,2,"(216, 36, 707, 713)",0.9040064811706543
CAM_01,2026-06-03 14:47:52,1,"(546, 167, 817, 712)",0.7405844330787659
CAM_01,2026-06-03 14:47:52,2,"(215, 36, 703, 712)",0.9046558737754822
CAM_01,2026-06-03 14:47:52,1,"(545, 167, 819, 714)",0.7257465124130249
CAM_01,2026-06-03 14:47:52,2,"(214, 36, 699, 713)",0.894680380821228
CAM_01,2026-06-03 14:47:52,1,"(542, 168, 823, 714)",0.8062329292297363
CAM_01,2026-06-03 14:47:53,2,"(216, 35, 699, 712)",0.845275342464447
CAM_01,2026-06-03 14:47:53,1,"(541, 167, 832, 714)",0.829501211643219
CAM_01,2026-06-03 14:47:53,2,"(214, 36, 645, 712)",0.8023192286491394
CAM_01,2026-06-03 14:47:53,1,"(538, 167, 835, 714)",0.8481823801994324
CAM_01,2026-06-03 14:47:53,2,"(212, 40, 625, 712)",0.8387203812599182
CAM_01,2026-06-03 14:47:53,1,"(538, 166, 850, 713)",0.8999704122543335
CAM_01,2026-06-03 14:47:53,2,"(210, 45, 617, 712)",0.8453670144081116
CAM_01,2026-06-03 14:47:53,1,"(541, 165, 857, 713)",0.9064096212387085
CAM_01,2026-06-03 14:47:53,2,"(206, 51, 593, 711)",0.8046609163284302
CAM_01,2026-06-03 14:47:53,1,"(544, 163, 863, 714)",0.9028223156929016
CAM_01,2026-06-03 14:47:54,2,"(204, 57, 574, 711)",0.8535094857215881
CAM_01,2026-06-03 14:47:54,1,"(550, 162, 869, 714)",0.9081408977508545
CAM_01,2026-06-03 14:47:54,2,"(203, 63, 568, 712)",0.8462576270103455
CAM_01,2026-06-03 14:47:54,1,"(555, 161, 877, 713)",0.9004855155944824
CAM_01,2026-06-03 14:47:54,34,"(489, 268, 540, 457)",0.7062561511993408
CAM_01,2026-06-03 14:47:54,2,"(202, 68, 548, 712)",0.8769423961639404
CAM_01,2026-06-03 14:47:54,1,"(561, 162, 890, 712)",0.8930864930152893
CAM_01,2026-06-03 14:47:54,34,"(488, 268, 545, 479)",0.76206374168396
CAM_01,2026-06-03 14:47:54,2,"(199, 72, 540, 713)",0.8941884636878967
CAM_01,2026-06-03 14:47:54,1,"(569, 161, 894, 712)",0.8977568745613098
CAM_01,2026-06-03 14:47:54,34,"(484, 267, 551, 491)",0.7620731592178345
CAM_01,2026-06-03 14:47:55,2,"(197, 75, 525, 712)",0.868449330329895
CAM_01,2026-06-03 14:47:55,1,"(575, 162, 895, 713)",0.9118624925613403
CAM_01,2026-06-03 14:47:55,34,"(483, 265, 557, 494)",0.7625390291213989
CAM_01,2026-06-03 14:47:55,2,"(197, 76, 535, 713)",0.8401458263397217
CAM_01,2026-06-03 14:47:55,1,"(581, 163, 899, 714)",0.9085615277290344
CAM_01,2026-06-03 14:47:55,34,"(486, 266, 562, 496)",0.8157865405082703
CAM_01,2026-06-03 14:47:55,2,"(196, 76, 522, 712)",0.8807274103164673
CAM_01,2026-06-03 14:47:55,1,"(587, 163, 905, 714)",0.9196221232414246
CAM_01,2026-06-03 14:47:55,34,"(489, 266, 567, 495)",0.8556024432182312
CAM_01,2026-06-03 14:47:55,2,"(197, 75, 516, 712)",0.8756460547447205
CAM_01,2026-06-03 14:47:55,1,"(594, 165, 916, 713)",0.9177746176719666
CAM_01,2026-06-03 14:47:55,34,"(493, 265, 572, 496)",0.8529903888702393
CAM_01,2026-06-03 14:47:55,2,"(198, 74, 514, 710)",0.8655514717102051
CAM_01,2026-06-03 14:47:55,1,"(600, 165, 919, 713)",0.9129704236984253
CAM_01,2026-06-03 14:47:55,34,"(498, 265, 577, 496)",0.8697260618209839
CAM_01,2026-06-03 14:47:56,2,"(197, 76, 524, 711)",0.8851351141929626
CAM_01,2026-06-03 14:47:56,1,"(604, 164, 922, 714)",0.932106077671051
CAM_01,2026-06-03 14:47:56,34,"(502, 266, 581, 496)",0.8238279223442078
CAM_01,2026-06-03 14:47:56,2,"(199, 79, 530, 711)",0.8939849734306335
CAM_01,2026-06-03 14:47:56,1,"(609, 164, 927, 714)",0.9309040307998657
CAM_01,2026-06-03 14:47:56,34,"(508, 266, 585, 496)",0.7887282371520996
CAM_01,2026-06-03 14:47:56,2,"(204, 86, 537, 712)",0.909488320350647
CAM_01,2026-06-03 14:47:56,1,"(614, 164, 932, 714)",0.9253233671188354
CAM_01,2026-06-03 14:47:56,34,"(512, 266, 590, 496)",0.8328567147254944
CAM_01,2026-06-03 14:47:56,2,"(207, 95, 546, 712)",0.9043177366256714
CAM_01,2026-06-03 14:47:56,1,"(617, 165, 935, 713)",0.9203512072563171
CAM_01,2026-06-03 14:47:56,34,"(515, 267, 595, 495)",0.8327568769454956
CAM_01,2026-06-03 14:47:56,2,"(210, 102, 556, 712)",0.911552369594574
CAM_01,2026-06-03 14:47:56,1,"(622, 164, 940, 712)",0.8980677127838135
CAM_01,2026-06-03 14:47:56,34,"(520, 266, 598, 493)",0.8117485642433167
CAM_01,2026-06-03 14:47:57,2,"(215, 110, 566, 712)",0.9208948612213135
CAM_01,2026-06-03 14:47:57,1,"(627, 162, 954, 712)",0.8965307474136353
CAM_01,2026-06-03 14:47:57,34,"(524, 266, 604, 489)",0.8016200661659241
CAM_01,2026-06-03 14:47:57,2,"(220, 115, 572, 712)",0.9242119789123535
CAM_01,2026-06-03 14:47:57,1,"(632, 161, 958, 712)",0.903677225112915
CAM_01,2026-06-03 14:47:57,34,"(528, 264, 608, 489)",0.8124841451644897
CAM_01,2026-06-03 14:47:57,2,"(227, 122, 577, 712)",0.9148862957954407
CAM_01,2026-06-03 14:47:57,1,"(636, 159, 960, 712)",0.8999054431915283
CAM_01,2026-06-03 14:47:57,34,"(532, 262, 612, 488)",0.7808604836463928
CAM_01,2026-06-03 14:47:57,2,"(233, 125, 581, 713)",0.9114009141921997
CAM_01,2026-06-03 14:47:57,1,"(641, 157, 964, 712)",0.8988610506057739
CAM_01,2026-06-03 14:47:57,34,"(536, 261, 616, 490)",0.776561975479126
CAM_01,2026-06-03 14:47:57,2,"(239, 127, 586, 713)",0.8953744173049927
CAM_01,2026-06-03 14:47:57,1,"(646, 156, 965, 713)",0.9084718227386475
CAM_01,2026-06-03 14:47:57,34,"(539, 260, 619, 484)",0.7299292683601379
CAM_01,2026-06-03 14:47:58,2,"(246, 125, 591, 713)",0.9109196662902832
CAM_01,2026-06-03 14:47:58,1,"(649, 155, 964, 714)",0.9192086458206177
CAM_01,2026-06-03 14:47:58,34,"(544, 259, 623, 481)",0.8209988474845886
CAM_01,2026-06-03 14:47:58,2,"(250, 119, 593, 713)",0.9152437448501587
CAM_01,2026-06-03 14:47:58,1,"(653, 154, 965, 714)",0.9257656335830688
CAM_01,2026-06-03 14:47:58,34,"(549, 258, 624, 480)",0.8175342082977295
CAM_01,2026-06-03 14:47:58,53,"(653, 280, 691, 337)",0.5448312759399414
CAM_01,2026-06-03 14:47:58,2,"(254, 115, 596, 712)",0.9236499071121216
CAM_01,2026-06-03 14:47:58,1,"(656, 154, 967, 714)",0.9193225502967834
CAM_01,2026-06-03 14:47:58,34,"(553, 257, 627, 481)",0.8096351623535156
CAM_01,2026-06-03 14:47:58,2,"(256, 111, 599, 712)",0.9237011075019836
CAM_01,2026-06-03 14:47:58,1,"(658, 152, 966, 714)",0.9217814207077026
CAM_01,2026-06-03 14:47:58,34,"(556, 255, 629, 481)",0.7860493063926697
CAM_01,2026-06-03 14:47:58,2,"(257, 110, 599, 712)",0.9292917847633362
CAM_01,2026-06-03 14:47:58,1,"(661, 153, 971, 714)",0.9234148263931274
CAM_01,2026-06-03 14:47:58,34,"(560, 254, 631, 484)",0.7069159746170044
CAM_01,2026-06-03 14:47:59,2,"(257, 113, 600, 712)",0.930660605430603
CAM_01,2026-06-03 14:47:59,1,"(661, 152, 976, 713)",0.9317940473556519
CAM_01,2026-06-03 14:47:59,34,"(561, 254, 633, 486)",0.7150675058364868
CAM_01,2026-06-03 14:47:59,2,"(258, 119, 601, 712)",0.923612117767334
CAM_01,2026-06-03 14:47:59,1,"(662, 151, 977, 713)",0.9348868727684021
CAM_01,2026-06-03 14:47:59,34,"(559, 253, 635, 488)",0.7286200523376465
CAM_01,2026-06-03 14:47:59,2,"(259, 126, 599, 713)",0.9237284660339355
CAM_01,2026-06-03 14:47:59,1,"(664, 151, 978, 713)",0.9357481598854065
CAM_01,2026-06-03 14:47:59,34,"(557, 253, 637, 491)",0.7686465978622437
CAM_01,2026-06-03 14:47:59,2,"(260, 133, 593, 713)",0.9159128665924072
CAM_01,2026-06-03 14:47:59,1,"(665, 151, 980, 714)",0.9355005025863647
CAM_01,2026-06-03 14:47:59,34,"(553, 254, 637, 493)",0.7930163145065308
CAM_01,2026-06-03 14:47:59,2,"(260, 142, 585, 713)",0.9077101349830627
CAM_01,2026-06-03 14:47:59,1,"(666, 152, 982, 714)",0.9337994456291199
CAM_01,2026-06-03 14:47:59,34,"(549, 255, 637, 493)",0.7828667759895325
CAM_01,2026-06-03 14:48:00,2,"(260, 147, 578, 713)",0.9206734895706177
CAM_01,2026-06-03 14:48:00,1,"(667, 153, 984, 714)",0.9323469400405884
CAM_01,2026-06-03 14:48:00,34,"(549, 254, 638, 493)",0.7676929831504822
CAM_01,2026-06-03 14:48:00,2,"(260, 150, 571, 713)",0.9165695905685425
CAM_01,2026-06-03 14:48:00,1,"(668, 152, 986, 714)",0.9338023662567139
CAM_01,2026-06-03 14:48:00,34,"(549, 255, 638, 494)",0.7757328748703003
CAM_01,2026-06-03 14:48:00,2,"(260, 150, 565, 713)",0.9098958373069763
CAM_01,2026-06-03 14:48:00,1,"(669, 153, 984, 714)",0.9312795996665955
CAM_01,2026-06-03 14:48:00,34,"(549, 256, 638, 495)",0.7998684644699097
CAM_01,2026-06-03 14:48:00,2,"(263, 149, 558, 714)",0.913729727268219
CAM_01,2026-06-03 14:48:00,1,"(670, 153, 988, 714)",0.9262409806251526
CAM_01,2026-06-03 14:48:00,34,"(549, 257, 637, 495)",0.8099641799926758
CAM_01,2026-06-03 14:48:00,2,"(265, 147, 555, 714)",0.9049021005630493
CAM_01,2026-06-03 14:48:00,1,"(671, 155, 991, 714)",0.9223304390907288
CAM_01,2026-06-03 14:48:00,34,"(549, 258, 637, 495)",0.8157321810722351
CAM_01,2026-06-03 14:48:01,2,"(267, 145, 549, 714)",0.904752790927887
CAM_01,2026-06-03 14:48:01,1,"(672, 156, 992, 713)",0.9212139248847961
CAM_01,2026-06-03 14:48:01,34,"(549, 258, 636, 496)",0.7825900912284851
CAM_01,2026-06-03 14:48:01,2,"(271, 145, 545, 714)",0.9149042367935181
CAM_01,2026-06-03 14:48:01,1,"(672, 157, 992, 714)",0.9222924113273621
CAM_01,2026-06-03 14:48:01,34,"(548, 259, 635, 497)",0.786359965801239
CAM_01,2026-06-03 14:48:01,2,"(273, 146, 543, 714)",0.9223660230636597
CAM_01,2026-06-03 14:48:01,1,"(672, 158, 993, 714)",0.9218237400054932
CAM_01,2026-06-03 14:48:01,34,"(548, 258, 633, 498)",0.7881273031234741
CAM_01,2026-06-03 14:48:01,2,"(276, 150, 541, 714)",0.9155032634735107
CAM_01,2026-06-03 14:48:01,1,"(673, 157, 995, 713)",0.9186933040618896
CAM_01,2026-06-03 14:48:01,34,"(546, 259, 632, 497)",0.79805588722229
CAM_01,2026-06-03 14:48:01,2,"(280, 155, 539, 715)",0.9221128225326538
CAM_01,2026-06-03 14:48:01,1,"(673, 158, 992, 713)",0.9213201403617859
CAM_01,2026-06-03 14:48:01,34,"(544, 259, 630, 497)",0.8264544010162354
CAM_01,2026-06-03 14:48:02,2,"(285, 159, 540, 715)",0.9213485717773438
CAM_01,2026-06-03 14:48:02,1,"(673, 158, 988, 713)",0.9238486886024475
CAM_01,2026-06-03 14:48:02,34,"(541, 259, 628, 496)",0.8348322510719299
CAM_01,2026-06-03 14:48:02,2,"(290, 165, 543, 715)",0.9051172733306885
CAM_01,2026-06-03 14:48:02,1,"(673, 157, 987, 713)",0.9200247526168823
CAM_01,2026-06-03 14:48:02,34,"(541, 258, 627, 496)",0.8237776160240173
CAM_01,2026-06-03 14:48:02,2,"(296, 168, 546, 715)",0.9049360752105713
CAM_01,2026-06-03 14:48:02,1,"(673, 156, 986, 713)",0.9188817143440247
CAM_01,2026-06-03 14:48:02,34,"(541, 257, 626, 495)",0.8296272158622742
CAM_01,2026-06-03 14:48:02,2,"(300, 169, 550, 715)",0.9067444205284119
CAM_01,2026-06-03 14:48:02,1,"(673, 155, 988, 713)",0.9159561991691589
CAM_01,2026-06-03 14:48:02,34,"(542, 256, 625, 494)",0.8311110138893127
CAM_01,2026-06-03 14:48:02,2,"(305, 169, 554, 715)",0.9007193446159363
CAM_01,2026-06-03 14:48:02,1,"(674, 155, 988, 713)",0.9122211933135986
CAM_01,2026-06-03 14:48:02,34,"(543, 254, 624, 491)",0.833168089389801
CAM_01,2026-06-03 14:48:03,2,"(312, 166, 556, 715)",0.9077692031860352
CAM_01,2026-06-03 14:48:03,1,"(674, 155, 989, 713)",0.9113287329673767
CAM_01,2026-06-03 14:48:03,34,"(543, 252, 623, 491)",0.8345403671264648
CAM_01,2026-06-03 14:48:03,2,"(316, 161, 558, 715)",0.9075528383255005
CAM_01,2026-06-03 14:48:03,1,"(675, 154, 991, 713)",0.9118898510932922
CAM_01,2026-06-03 14:48:03,34,"(543, 252, 623, 492)",0.8241768479347229
CAM_01,2026-06-03 14:48:03,2,"(319, 157, 559, 715)",0.9168592095375061
CAM_01,2026-06-03 14:48:03,1,"(676, 155, 993, 713)",0.9093721508979797
CAM_01,2026-06-03 14:48:03,34,"(543, 252, 623, 494)",0.8180097937583923
CAM_01,2026-06-03 14:48:03,2,"(322, 156, 561, 715)",0.9126601219177246
CAM_01,2026-06-03 14:48:03,1,"(676, 156, 993, 713)",0.9124696254730225
CAM_01,2026-06-03 14:48:03,34,"(544, 252, 622, 496)",0.8125207424163818
CAM_01,2026-06-03 14:48:03,2,"(326, 157, 563, 716)",0.9077509045600891
CAM_01,2026-06-03 14:48:03,1,"(677, 156, 990, 713)",0.9135622382164001
CAM_01,2026-06-03 14:48:03,34,"(545, 252, 622, 497)",0.8053687214851379
CAM_01,2026-06-03 14:48:04,2,"(329, 159, 564, 715)",0.9021409153938293
CAM_01,2026-06-03 14:48:04,1,"(677, 156, 989, 713)",0.9163593053817749
CAM_01,2026-06-03 14:48:04,34,"(546, 252, 621, 499)",0.8035656809806824
CAM_01,2026-06-03 14:48:04,2,"(332, 163, 565, 714)",0.9047513008117676
CAM_01,2026-06-03 14:48:04,1,"(677, 155, 989, 713)",0.9176158308982849
CAM_01,2026-06-03 14:48:04,34,"(546, 252, 621, 500)",0.8011823296546936
CAM_01,2026-06-03 14:48:04,2,"(336, 173, 565, 713)",0.8958210349082947
CAM_01,2026-06-03 14:48:04,1,"(677, 155, 989, 713)",0.9187206029891968
CAM_01,2026-06-03 14:48:04,34,"(545, 252, 620, 500)",0.801224410533905
CAM_01,2026-06-03 14:48:04,2,"(340, 179, 567, 713)",0.9053137302398682
CAM_01,2026-06-03 14:48:04,1,"(677, 154, 989, 713)",0.9202842116355896
CAM_01,2026-06-03 14:48:04,34,"(544, 252, 620, 500)",0.8041131496429443
CAM_01,2026-06-03 14:48:04,2,"(344, 187, 566, 712)",0.9009659290313721
CAM_01,2026-06-03 14:48:04,1,"(678, 154, 990, 713)",0.9171949625015259
CAM_01,2026-06-03 14:48:04,34,"(544, 252, 620, 500)",0.809579610824585
CAM_01,2026-06-03 14:48:05,2,"(346, 190, 565, 712)",0.8976216912269592
CAM_01,2026-06-03 14:48:05,1,"(679, 155, 991, 713)",0.9157174229621887
CAM_01,2026-06-03 14:48:05,34,"(543, 252, 621, 499)",0.8190968632698059
CAM_01,2026-06-03 14:48:05,2,"(350, 191, 563, 712)",0.8905177712440491
CAM_01,2026-06-03 14:48:05,1,"(680, 155, 994, 713)",0.9112167954444885
CAM_01,2026-06-03 14:48:05,34,"(543, 252, 621, 499)",0.8192474246025085
CAM_01,2026-06-03 14:48:05,2,"(353, 191, 560, 712)",0.8849976062774658
CAM_01,2026-06-03 14:48:05,1,"(681, 155, 997, 713)",0.9098163843154907
CAM_01,2026-06-03 14:48:05,34,"(544, 252, 622, 499)",0.8154346942901611
CAM_01,2026-06-03 14:48:05,73,"(652, 279, 707, 443)",0.532703697681427
CAM_01,2026-06-03 14:48:05,2,"(356, 189, 559, 712)",0.869206428527832
CAM_01,2026-06-03 14:48:05,1,"(682, 153, 996, 713)",0.9133528470993042
CAM_01,2026-06-03 14:48:05,34,"(545, 251, 624, 499)",0.8150255680084229
CAM_01,2026-06-03 14:48:05,73,"(653, 279, 707, 442)",0.559766948223114
CAM_01,2026-06-03 14:48:05,2,"(358, 187, 559, 712)",0.8812230229377747
CAM_01,2026-06-03 14:48:05,1,"(683, 153, 997, 713)",0.9144980311393738
CAM_01,2026-06-03 14:48:05,34,"(546, 250, 625, 500)",0.8058663010597229
CAM_01,2026-06-03 14:48:05,73,"(653, 279, 707, 442)",0.5772605538368225
CAM_01,2026-06-03 14:48:06,2,"(365, 185, 558, 711)",0.8687335252761841
CAM_01,2026-06-03 14:48:06,1,"(683, 153, 999, 713)",0.9117031693458557
CAM_01,2026-06-03 14:48:06,34,"(547, 249, 627, 499)",0.8120579123497009
CAM_01,2026-06-03 14:48:06,73,"(654, 279, 708, 440)",0.6237618923187256
CAM_01,2026-06-03 14:48:06,2,"(365, 184, 558, 711)",0.8905155062675476
CAM_01,2026-06-03 14:48:06,1,"(684, 153, 999, 713)",0.9111649990081787
CAM_01,2026-06-03 14:48:06,34,"(549, 249, 628, 499)",0.8270604610443115
CAM_01,2026-06-03 14:48:06,73,"(655, 279, 708, 439)",0.6226974725723267
CAM_01,2026-06-03 14:48:06,2,"(367, 185, 559, 710)",0.9009792804718018
CAM_01,2026-06-03 14:48:06,1,"(685, 154, 999, 713)",0.9151178598403931
CAM_01,2026-06-03 14:48:06,34,"(550, 247, 629, 499)",0.8394840359687805
CAM_01,2026-06-03 14:48:06,73,"(655, 278, 708, 439)",0.632099986076355
CAM_01,2026-06-03 14:48:06,2,"(370, 188, 559, 710)",0.9028854966163635
CAM_01,2026-06-03 14:48:06,1,"(685, 154, 996, 713)",0.92083340883255
CAM_01,2026-06-03 14:48:06,34,"(550, 247, 630, 499)",0.8353573083877563
CAM_01,2026-06-03 14:48:06,73,"(654, 278, 708, 438)",0.6477734446525574
CAM_01,2026-06-03 14:48:06,2,"(373, 191, 561, 711)",0.8854678273200989
CAM_01,2026-06-03 14:48:06,1,"(685, 153, 995, 713)",0.9231394529342651
CAM_01,2026-06-03 14:48:06,34,"(550, 246, 631, 499)",0.8355076313018799
CAM_01,2026-06-03 14:48:06,73,"(654, 278, 708, 438)",0.6603093147277832
CAM_01,2026-06-03 14:48:07,2,"(373, 194, 562, 710)",0.8870140314102173
CAM_01,2026-06-03 14:48:07,1,"(686, 154, 994, 713)",0.9225344657897949
CAM_01,2026-06-03 14:48:07,34,"(550, 245, 632, 499)",0.8258903622627258
CAM_01,2026-06-03 14:48:07,73,"(654, 277, 708, 438)",0.6528307795524597
CAM_01,2026-06-03 14:48:07,2,"(377, 198, 565, 709)",0.8907065391540527
CAM_01,2026-06-03 14:48:07,1,"(685, 156, 994, 713)",0.9233723878860474
CAM_01,2026-06-03 14:48:07,34,"(550, 245, 633, 498)",0.8193581104278564
CAM_01,2026-06-03 14:48:07,73,"(654, 277, 708, 438)",0.6673346161842346
CAM_01,2026-06-03 14:48:07,2,"(382, 199, 568, 708)",0.890972912311554
CAM_01,2026-06-03 14:48:07,1,"(685, 156, 994, 712)",0.925980269908905
CAM_01,2026-06-03 14:48:07,34,"(551, 245, 633, 499)",0.8018919229507446
CAM_01,2026-06-03 14:48:07,73,"(654, 277, 708, 437)",0.6657421588897705
CAM_01,2026-06-03 14:48:07,2,"(386, 201, 570, 704)",0.8890634775161743
CAM_01,2026-06-03 14:48:07,1,"(685, 155, 994, 712)",0.9256216287612915
CAM_01,2026-06-03 14:48:07,34,"(554, 244, 634, 499)",0.7958744764328003
CAM_01,2026-06-03 14:48:07,73,"(654, 277, 708, 437)",0.6524559855461121
CAM_01,2026-06-03 14:48:07,2,"(392, 204, 574, 701)",0.8870719075202942
CAM_01,2026-06-03 14:48:07,1,"(685, 155, 994, 712)",0.9229971766471863
CAM_01,2026-06-03 14:48:07,34,"(559, 244, 635, 499)",0.8150858879089355
CAM_01,2026-06-03 14:48:07,73,"(654, 277, 708, 436)",0.6369243860244751
CAM_01,2026-06-03 14:48:08,2,"(395, 205, 578, 692)",0.8819738626480103
CAM_01,2026-06-03 14:48:08,1,"(686, 153, 994, 713)",0.9223529100418091
CAM_01,2026-06-03 14:48:08,34,"(562, 245, 636, 498)",0.8455356359481812
CAM_01,2026-06-03 14:48:08,73,"(654, 277, 708, 436)",0.6424813866615295
CAM_01,2026-06-03 14:48:08,2,"(401, 205, 583, 682)",0.8870252966880798
CAM_01,2026-06-03 14:48:08,1,"(686, 152, 995, 713)",0.9248929619789124
CAM_01,2026-06-03 14:48:08,34,"(564, 245, 637, 498)",0.8645448088645935
CAM_01,2026-06-03 14:48:08,73,"(654, 277, 708, 436)",0.6765356659889221
CAM_01,2026-06-03 14:48:08,2,"(403, 202, 587, 670)",0.9020845890045166
CAM_01,2026-06-03 14:48:08,1,"(687, 152, 995, 713)",0.9259445071220398
CAM_01,2026-06-03 14:48:08,34,"(566, 245, 637, 498)",0.8522422909736633
CAM_01,2026-06-03 14:48:08,73,"(655, 277, 708, 436)",0.6839082837104797
CAM_01,2026-06-03 14:48:08,2,"(407, 200, 591, 662)",0.9107933640480042
CAM_01,2026-06-03 14:48:08,1,"(687, 152, 995, 713)",0.926790177822113
CAM_01,2026-06-03 14:48:08,34,"(568, 245, 638, 499)",0.8403982520103455
CAM_01,2026-06-03 14:48:08,73,"(655, 277, 708, 436)",0.6856864094734192
CAM_01,2026-06-03 14:48:08,2,"(410, 199, 593, 657)",0.9085933566093445
CAM_01,2026-06-03 14:48:08,1,"(688, 152, 995, 713)",0.9259794354438782
CAM_01,2026-06-03 14:48:08,34,"(568, 245, 638, 499)",0.8405672907829285
CAM_01,2026-06-03 14:48:08,73,"(655, 277, 708, 435)",0.6797871589660645
CAM_01,2026-06-03 14:48:09,2,"(414, 198, 595, 654)",0.90692538022995
CAM_01,2026-06-03 14:48:09,1,"(688, 152, 995, 713)",0.9268503189086914
CAM_01,2026-06-03 14:48:09,34,"(569, 245, 638, 499)",0.8348820805549622
CAM_01,2026-06-03 14:48:09,73,"(656, 278, 709, 433)",0.6659568548202515
CAM_01,2026-06-03 14:48:09,2,"(416, 199, 596, 653)",0.8962188959121704
CAM_01,2026-06-03 14:48:09,1,"(688, 152, 995, 713)",0.9264242649078369
CAM_01,2026-06-03 14:48:09,34,"(569, 245, 638, 499)",0.8376284241676331
CAM_01,2026-06-03 14:48:09,73,"(657, 277, 709, 432)",0.6538341641426086
CAM_01,2026-06-03 14:48:09,2,"(417, 202, 598, 652)",0.8854045867919922
CAM_01,2026-06-03 14:48:09,1,"(689, 152, 996, 713)",0.9241454601287842
CAM_01,2026-06-03 14:48:09,34,"(569, 245, 638, 499)",0.8367671966552734
CAM_01,2026-06-03 14:48:09,73,"(658, 277, 709, 431)",0.6444446444511414
CAM_01,2026-06-03 14:48:09,2,"(418, 204, 598, 656)",0.8885323405265808
CAM_01,2026-06-03 14:48:09,1,"(689, 151, 996, 712)",0.9262102842330933
CAM_01,2026-06-03 14:48:09,34,"(570, 245, 638, 498)",0.820829451084137
CAM_01,2026-06-03 14:48:09,73,"(658, 277, 710, 432)",0.6288285851478577
CAM_01,2026-06-03 14:51:33,12,"(563, 8, 611, 108)",0.707737922668457
CAM_01,2026-06-03 14:51:34,12,"(567, 7, 622, 107)",0.7404599189758301
CAM_01,2026-06-03 14:51:34,12,"(571, 7, 631, 104)",0.7486333250999451
CAM_01,2026-06-03 14:51:34,12,"(615, 7, 670, 101)",0.7739995121955872
CAM_01,2026-06-03 14:51:35,12,"(621, 6, 684, 100)",0.841881275177002
CAM_01,2026-06-03 14:51:35,12,"(626, 5, 691, 98)",0.794223427772522
CAM_01,2026-06-03 14:52:03,41,"(586, 0, 682, 174)",0.8624588847160339
CAM_01,2026-06-03 14:52:04,42,"(643, 81, 754, 522)",0.8272818326950073
CAM_01,2026-06-03 14:52:04,42,"(644, 83, 755, 523)",0.8228102326393127
CAM_01,2026-06-03 14:52:04,42,"(641, 86, 756, 524)",0.7884581685066223
CAM_01,2026-06-03 14:52:04,42,"(639, 89, 759, 524)",0.756057620048523
CAM_01,2026-06-03 14:52:04,42,"(640, 94, 763, 525)",0.8457468152046204
CAM_01,2026-06-03 14:52:05,42,"(642, 97, 769, 526)",0.7867840528488159
CAM_01,2026-06-03 14:52:05,42,"(647, 102, 774, 543)",0.8549692630767822
CAM_01,2026-06-03 14:52:05,42,"(651, 105, 781, 554)",0.8455249071121216
CAM_01,2026-06-03 14:52:05,42,"(656, 110, 785, 558)",0.8530548810958862
CAM_01,2026-06-03 14:52:05,42,"(660, 112, 798, 562)",0.7001883387565613
CAM_01,2026-06-03 14:52:06,42,"(664, 115, 798, 561)",0.8759215474128723
CAM_01,2026-06-03 14:52:06,42,"(666, 117, 800, 560)",0.8832228779792786
CAM_01,2026-06-03 14:52:06,42,"(665, 120, 802, 560)",0.8696954846382141
CAM_01,2026-06-03 14:52:06,42,"(663, 122, 804, 572)",0.8533371686935425
CAM_01,2026-06-03 14:52:06,42,"(671, 125, 810, 613)",0.884084939956665
CAM_01,2026-06-03 14:52:07,42,"(675, 127, 808, 629)",0.8640520572662354
CAM_01,2026-06-03 14:52:07,42,"(675, 128, 806, 635)",0.8534950017929077
CAM_01,2026-06-03 14:52:07,42,"(674, 132, 806, 637)",0.8632175326347351
CAM_01,2026-06-03 14:52:07,42,"(671, 138, 801, 638)",0.8591250777244568
CAM_01,2026-06-03 14:52:08,42,"(669, 142, 798, 637)",0.8424158692359924
CAM_01,2026-06-03 14:52:08,42,"(669, 139, 828, 635)",0.8889593482017517
CAM_01,2026-06-03 14:52:08,42,"(696, 126, 876, 618)",0.8124430179595947
CAM_01,2026-06-03 14:52:09,43,"(846, 95, 993, 508)",0.8942896723747253
CAM_01,2026-06-03 14:52:09,43,"(845, 95, 993, 507)",0.8953758478164673
CAM_01,2026-06-03 14:52:09,43,"(845, 95, 993, 507)",0.8949613571166992
CAM_01,2026-06-03 14:52:10,43,"(845, 95, 991, 507)",0.8947394490242004
CAM_01,2026-06-03 14:52:10,43,"(844, 96, 991, 507)",0.8930315375328064
CAM_01,2026-06-03 14:52:10,43,"(844, 96, 991, 507)",0.89117431640625
CAM_01,2026-06-03 14:52:10,43,"(844, 96, 990, 508)",0.8917326331138611
CAM_01,2026-06-03 14:52:10,43,"(844, 97, 988, 508)",0.8847243785858154
CAM_01,2026-06-03 14:52:11,43,"(844, 97, 988, 508)",0.8843747973442078
CAM_01,2026-06-03 14:52:11,43,"(844, 97, 988, 508)",0.8842422366142273
CAM_01,2026-06-03 14:52:11,43,"(844, 97, 987, 508)",0.885701596736908
CAM_01,2026-06-03 14:52:11,43,"(844, 97, 987, 508)",0.8837066292762756
CAM_01,2026-06-03 14:52:11,43,"(844, 96, 985, 507)",0.8851092457771301
CAM_01,2026-06-03 14:52:12,43,"(845, 96, 984, 507)",0.8847336173057556
CAM_01,2026-06-03 14:52:12,43,"(845, 96, 984, 507)",0.8844654560089111
CAM_01,2026-06-03 14:52:12,43,"(845, 96, 984, 507)",0.8855764865875244
CAM_01,2026-06-03 14:52:12,43,"(844, 96, 985, 508)",0.8874066472053528
CAM_01,2026-06-03 14:52:12,43,"(844, 95, 986, 508)",0.8918444514274597
CAM_01,2026-06-03 14:52:13,43,"(844, 95, 985, 508)",0.8912516236305237
CAM_01,2026-06-03 14:52:13,43,"(844, 94, 985, 508)",0.8897708058357239
CAM_01,2026-06-03 14:52:13,43,"(844, 93, 986, 508)",0.8894463777542114
CAM_01,2026-06-03 14:52:13,43,"(844, 93, 986, 508)",0.8835706114768982
CAM_01,2026-06-03 14:52:14,43,"(844, 92, 986, 508)",0.8851318359375
CAM_01,2026-06-03 14:52:14,43,"(844, 92, 986, 508)",0.8820781111717224
CAM_01,2026-06-03 14:52:14,43,"(845, 92, 986, 507)",0.8829049468040466
CAM_01,2026-06-03 14:52:14,43,"(845, 91, 986, 507)",0.8847326040267944
CAM_01,2026-06-03 14:52:15,43,"(845, 91, 985, 506)",0.8819107413291931
CAM_01,2026-06-03 14:52:15,43,"(845, 90, 985, 506)",0.8810557723045349
CAM_01,2026-06-03 14:52:15,43,"(845, 90, 985, 506)",0.8812716603279114
CAM_01,2026-06-03 14:52:15,43,"(845, 90, 984, 506)",0.882681131362915
CAM_01,2026-06-03 14:52:15,43,"(845, 90, 984, 506)",0.8847665786743164
CAM_01,2026-06-03 14:52:16,43,"(845, 90, 984, 506)",0.8847424983978271
CAM_01,2026-06-03 14:52:16,43,"(845, 90, 984, 506)",0.8852963447570801
CAM_01,2026-06-03 14:52:16,43,"(845, 90, 984, 506)",0.885063886642456
CAM_01,2026-06-03 14:52:16,43,"(845, 90, 984, 506)",0.8846369385719299
CAM_01,2026-06-03 14:52:16,43,"(845, 91, 984, 506)",0.8815035223960876
CAM_01,2026-06-03 14:52:17,43,"(845, 91, 984, 506)",0.8818914294242859
CAM_01,2026-06-03 14:52:17,43,"(845, 91, 984, 506)",0.8821037411689758
CAM_01,2026-06-03 14:52:17,43,"(845, 91, 984, 506)",0.8833872079849243
CAM_01,2026-06-03 14:52:17,43,"(845, 91, 984, 506)",0.8824377655982971
CAM_01,2026-06-03 14:52:17,43,"(845, 91, 984, 506)",0.8825780749320984
CAM_01,2026-06-03 14:52:18,43,"(845, 91, 984, 506)",0.8826712965965271
CAM_01,2026-06-03 14:52:18,43,"(845, 91, 984, 506)",0.8828334212303162
CAM_01,2026-06-03 14:52:18,43,"(845, 91, 984, 506)",0.883644163608551
CAM_01,2026-06-03 14:52:18,43,"(845, 91, 984, 506)",0.8838173151016235
CAM_01,2026-06-03 14:52:18,43,"(845, 91, 984, 508)",0.884074866771698
CAM_01,2026-06-03 14:52:19,43,"(845, 91, 984, 508)",0.8835961222648621
CAM_01,2026-06-03 14:52:19,43,"(845, 91, 984, 508)",0.8833878636360168
CAM_01,2026-06-03 14:52:19,43,"(845, 91, 984, 508)",0.8840548992156982
CAM_01,2026-06-03 14:52:19,43,"(845, 91, 984, 508)",0.884780764579773
CAM_01,2026-06-03 14:52:19,43,"(845, 91, 984, 508)",0.883912980556488
CAM_01,2026-06-03 14:52:20,43,"(845, 91, 984, 508)",0.8846312761306763
CAM_01,2026-06-03 14:52:20,43,"(845, 91, 983, 509)",0.88316810131073
CAM_01,2026-06-03 14:52:20,43,"(845, 91, 983, 509)",0.8831046223640442
CAM_01,2026-06-03 14:52:20,43,"(845, 91, 983, 508)",0.8840682506561279
CAM_01,2026-06-03 14:52:20,43,"(844, 91, 983, 508)",0.8885233998298645
CAM_01,2026-06-03 14:52:21,43,"(844, 91, 983, 508)",0.8875866532325745
CAM_01,2026-06-03 14:52:21,43,"(844, 92, 983, 508)",0.8879849910736084
CAM_01,2026-06-03 14:52:21,43,"(844, 92, 983, 508)",0.8876869678497314
CAM_01,2026-06-03 14:52:21,43,"(844, 92, 983, 508)",0.886519193649292
CAM_01,2026-06-03 14:52:21,43,"(844, 92, 983, 508)",0.8866079449653625
CAM_01,2026-06-03 14:52:22,43,"(844, 92, 983, 508)",0.8876609206199646
CAM_01,2026-06-03 14:52:22,43,"(844, 92, 982, 508)",0.8879696130752563
CAM_01,2026-06-03 14:52:22,43,"(844, 92, 982, 508)",0.8879386782646179
CAM_01,2026-06-03 14:52:22,43,"(844, 92, 982, 508)",0.8884392380714417
CAM_01,2026-06-03 14:52:22,43,"(844, 93, 983, 507)",0.8855011463165283
CAM_01,2026-06-03 14:52:23,43,"(845, 93, 983, 507)",0.8848942518234253
CAM_01,2026-06-03 14:52:23,43,"(845, 93, 983, 507)",0.8841780424118042
CAM_01,2026-06-03 14:52:23,43,"(845, 93, 983, 507)",0.8851372599601746
CAM_01,2026-06-03 14:52:23,43,"(845, 93, 983, 507)",0.8856889605522156
CAM_01,2026-06-03 14:52:24,43,"(845, 93, 983, 506)",0.8864307403564453
CAM_01,2026-06-03 14:52:24,43,"(845, 93, 983, 507)",0.8868451714515686
CAM_01,2026-06-03 14:52:24,43,"(845, 93, 983, 506)",0.8861835598945618
CAM_01,2026-06-03 14:52:24,43,"(845, 93, 983, 507)",0.8910391330718994
CAM_01,2026-06-03 14:52:25,43,"(844, 94, 987, 508)",0.893524169921875
CAM_01,2026-06-03 14:52:25,43,"(841, 95, 992, 507)",0.8735355138778687
CAM_01,2026-06-03 14:52:25,43,"(838, 95, 995, 503)",0.8745173811912537
CAM_01,2026-06-03 14:52:25,43,"(826, 91, 996, 494)",0.8782601952552795
CAM_01,2026-06-03 14:52:25,43,"(815, 90, 997, 483)",0.8967891931533813
CAM_01,2026-06-03 14:52:26,43,"(802, 90, 998, 480)",0.9347891211509705
CAM_01,2026-06-03 14:52:26,43,"(797, 89, 998, 479)",0.9293615818023682
CAM_01,2026-06-03 14:52:26,43,"(794, 90, 997, 481)",0.9193615913391113
CAM_01,2026-06-03 14:52:26,43,"(793, 92, 996, 480)",0.924069344997406
CAM_01,2026-06-03 14:52:26,43,"(793, 94, 993, 480)",0.9256042838096619
CAM_01,2026-06-03 14:52:27,43,"(792, 97, 991, 481)",0.9238331317901611
CAM_01,2026-06-03 14:52:28,43,"(792, 97, 989, 481)",0.9226751327514648
CAM_01,2026-06-03 14:52:28,43,"(793, 99, 988, 481)",0.9171373844146729
CAM_01,2026-06-03 14:52:29,43,"(793, 101, 988, 482)",0.9191001653671265
CAM_01,2026-06-03 14:52:29,43,"(793, 109, 988, 481)",0.926074743270874
CAM_01,2026-06-03 14:52:30,43,"(793, 113, 988, 481)",0.9276798367500305
CAM_01,2026-06-03 14:52:30,43,"(794, 115, 988, 481)",0.9287766814231873
CAM_01,2026-06-03 14:52:30,43,"(794, 116, 988, 481)",0.9282868504524231
CAM_01,2026-06-03 14:52:31,43,"(794, 116, 988, 481)",0.9196457862854004
CAM_01,2026-06-03 14:52:31,43,"(794, 117, 989, 482)",0.9249095916748047
CAM_01,2026-06-03 14:52:31,43,"(794, 116, 990, 482)",0.923273503780365
CAM_01,2026-06-03 14:52:32,43,"(794, 115, 990, 481)",0.9234011173248291
CAM_01,2026-06-03 14:52:32,43,"(794, 115, 990, 481)",0.9227892160415649
CAM_01,2026-06-03 14:52:32,43,"(794, 116, 990, 481)",0.9244099259376526
CAM_01,2026-06-03 14:52:32,43,"(794, 117, 991, 482)",0.9255841374397278
CAM_01,2026-06-03 14:52:33,43,"(794, 115, 992, 482)",0.9189602136611938
CAM_01,2026-06-03 14:52:33,43,"(794, 115, 992, 482)",0.9201734662055969
CAM_01,2026-06-03 14:52:33,43,"(794, 114, 992, 482)",0.9222133159637451
CAM_01,2026-06-03 14:52:34,43,"(794, 114, 993, 482)",0.9222202897071838
CAM_01,2026-06-03 14:52:34,43,"(794, 115, 993, 482)",0.920637309551239
CAM_01,2026-06-03 14:52:34,43,"(794, 115, 993, 482)",0.9199353456497192
CAM_01,2026-06-03 14:52:34,43,"(794, 114, 993, 482)",0.920505166053772
CAM_01,2026-06-03 14:52:34,43,"(794, 114, 993, 482)",0.9209039211273193
CAM_01,2026-06-03 14:52:35,43,"(794, 114, 993, 482)",0.922642171382904
CAM_01,2026-06-03 14:52:35,43,"(794, 117, 994, 481)",0.9276400208473206
CAM_01,2026-06-03 14:52:35,43,"(794, 118, 994, 481)",0.9295714497566223
CAM_01,2026-06-03 14:52:35,43,"(794, 118, 995, 481)",0.9309231638908386
CAM_01,2026-06-03 14:52:36,43,"(794, 118, 995, 481)",0.9311904907226562
CAM_01,2026-06-03 14:52:36,43,"(794, 118, 995, 481)",0.931251585483551
CAM_01,2026-06-03 14:52:36,43,"(794, 118, 995, 481)",0.9306528568267822
CAM_01,2026-06-03 14:52:36,43,"(794, 118, 995, 481)",0.9306678175926208
CAM_01,2026-06-03 14:52:37,43,"(794, 120, 993, 482)",0.9311113953590393
CAM_01,2026-06-03 14:52:37,43,"(794, 120, 992, 482)",0.9201636910438538
CAM_01,2026-06-03 14:52:37,43,"(820, 97, 984, 496)",0.8921808004379272
CAM_01,2026-06-03 14:52:37,43,"(831, 89, 985, 501)",0.884674072265625
CAM_01,2026-06-03 14:52:38,43,"(834, 87, 991, 505)",0.8836503028869629
CAM_01,2026-06-03 14:52:38,43,"(835, 85, 990, 506)",0.879524827003479
CAM_01,2026-06-03 14:52:38,43,"(836, 83, 988, 504)",0.8782719373703003
CAM_01,2026-06-03 14:52:38,43,"(836, 82, 986, 503)",0.8815730810165405
CAM_01,2026-06-03 14:52:39,43,"(836, 82, 986, 502)",0.8714656233787537
CAM_01,2026-06-03 14:52:39,43,"(835, 82, 986, 502)",0.86468106508255
CAM_01,2026-06-03 14:52:39,43,"(835, 82, 990, 502)",0.8639299869537354
CAM_01,2026-06-03 14:52:39,43,"(832, 82, 986, 500)",0.8422889709472656
CAM_01,2026-06-03 14:52:39,43,"(796, 88, 965, 504)",0.8988663554191589
CAM_01,2026-06-03 14:52:40,43,"(817, 86, 974, 496)",0.8413171768188477
CAM_01,2026-06-03 14:52:40,43,"(804, 104, 977, 488)",0.9134615659713745
CAM_01,2026-06-03 14:52:40,43,"(800, 111, 978, 485)",0.9136970639228821
CAM_01,2026-06-03 14:52:40,43,"(798, 113, 979, 484)",0.9150304794311523
CAM_01,2026-06-03 14:52:41,43,"(797, 114, 979, 484)",0.9148072600364685
CAM_01,2026-06-03 14:52:41,43,"(797, 115, 979, 484)",0.9142265319824219
CAM_01,2026-06-03 14:52:41,43,"(797, 115, 979, 484)",0.9144487977027893
CAM_01,2026-06-03 14:52:41,43,"(797, 115, 979, 484)",0.9178191423416138
CAM_01,2026-06-03 14:52:41,43,"(797, 115, 979, 484)",0.9162967801094055
CAM_01,2026-06-03 14:52:42,43,"(797, 115, 979, 484)",0.9150372743606567
CAM_01,2026-06-03 14:52:42,43,"(798, 115, 979, 484)",0.9161034226417542
CAM_01,2026-06-03 14:52:42,43,"(797, 114, 980, 483)",0.9195111393928528
CAM_01,2026-06-03 14:52:42,43,"(797, 114, 980, 483)",0.9190371632575989
CAM_01,2026-06-03 14:52:43,43,"(797, 113, 980, 483)",0.9196934103965759
CAM_01,2026-06-03 14:52:43,43,"(797, 114, 980, 483)",0.9205560088157654
CAM_01,2026-06-03 14:52:43,43,"(797, 114, 980, 483)",0.9226205348968506
CAM_01,2026-06-03 14:52:43,43,"(797, 114, 980, 483)",0.9245303869247437
CAM_01,2026-06-03 14:52:44,43,"(797, 114, 981, 483)",0.9266353249549866
CAM_01,2026-06-03 14:52:44,43,"(797, 114, 981, 483)",0.9278236627578735
CAM_01,2026-06-03 14:52:44,43,"(797, 115, 981, 484)",0.9275373816490173
CAM_01,2026-06-03 14:52:44,43,"(798, 116, 986, 484)",0.9356357455253601
CAM_01,2026-06-03 14:52:45,43,"(803, 119, 998, 485)",0.9151050448417664
CAM_01,2026-06-03 14:52:45,43,"(806, 123, 999, 485)",0.9129739999771118
CAM_01,2026-06-03 14:52:46,43,"(808, 122, 998, 484)",0.8487587571144104
CAM_01,2026-06-03 14:52:46,43,"(808, 122, 998, 484)",0.868253231048584
CAM_01,2026-06-03 14:52:46,43,"(808, 122, 998, 484)",0.8833828568458557
CAM_01,2026-06-03 14:52:47,43,"(809, 122, 999, 484)",0.879418134689331
CAM_01,2026-06-03 14:52:47,43,"(809, 122, 999, 484)",0.8830177783966064
CAM_01,2026-06-03 14:52:48,43,"(809, 122, 999, 484)",0.8892929553985596
CAM_01,2026-06-03 14:52:48,43,"(809, 122, 999, 484)",0.8928568363189697
CAM_01,2026-06-03 14:52:48,43,"(808, 122, 999, 484)",0.892178475856781
CAM_01,2026-06-03 14:52:48,43,"(808, 122, 999, 484)",0.8896486163139343
CAM_01,2026-06-03 14:52:49,43,"(808, 122, 999, 484)",0.8907802104949951
CAM_01,2026-06-03 14:52:49,43,"(808, 122, 999, 484)",0.8949321508407593
CAM_01,2026-06-03 14:52:49,43,"(808, 122, 999, 484)",0.8955456018447876
CAM_01,2026-06-03 14:52:49,43,"(808, 122, 999, 484)",0.899336040019989
CAM_01,2026-06-03 14:52:49,43,"(808, 121, 999, 485)",0.8894153237342834
CAM_01,2026-06-03 14:52:50,43,"(808, 120, 999, 485)",0.8921272158622742
CAM_01,2026-06-03 14:52:50,43,"(808, 120, 999, 485)",0.8849412798881531
CAM_01,2026-06-03 14:52:50,43,"(808, 121, 999, 485)",0.8859001398086548
CAM_01,2026-06-03 14:52:50,43,"(808, 121, 999, 485)",0.8836951851844788
CAM_01,2026-06-03 14:52:51,43,"(809, 120, 999, 485)",0.8821808099746704
CAM_01,2026-06-03 14:52:51,43,"(808, 121, 999, 485)",0.8701640963554382
CAM_01,2026-06-03 14:52:51,43,"(808, 121, 999, 485)",0.8793097734451294
CAM_01,2026-06-03 14:52:51,43,"(808, 120, 999, 485)",0.8626824617385864
CAM_01,2026-06-03 14:52:51,43,"(807, 120, 999, 485)",0.8166720867156982
CAM_01,2026-06-03 14:52:52,43,"(808, 120, 999, 485)",0.8074720501899719
CAM_01,2026-06-03 14:52:52,43,"(808, 120, 999, 485)",0.8253858685493469
CAM_01,2026-06-03 14:52:53,43,"(807, 120, 998, 485)",0.8160929679870605
CAM_01,2026-06-03 14:52:53,43,"(807, 120, 997, 485)",0.8302090167999268
CAM_01,2026-06-03 14:52:53,43,"(807, 120, 997, 485)",0.8358500003814697
CAM_01,2026-06-03 14:52:53,43,"(808, 122, 997, 484)",0.9014784693717957
CAM_01,2026-06-03 14:52:54,43,"(808, 122, 997, 484)",0.9035325050354004
CAM_01,2026-06-03 14:52:54,43,"(810, 121, 997, 484)",0.8971107602119446
CAM_01,2026-06-03 14:52:54,43,"(810, 121, 997, 484)",0.8983059525489807
CAM_01,2026-06-03 14:52:55,43,"(810, 121, 996, 484)",0.8957720398902893
CAM_01,2026-06-03 14:52:55,43,"(810, 121, 996, 484)",0.8939448595046997
CAM_01,2026-06-03 14:52:55,43,"(810, 121, 996, 484)",0.8921337723731995
CAM_01,2026-06-03 14:52:55,43,"(809, 123, 996, 484)",0.8913307785987854
CAM_01,2026-06-03 14:52:56,43,"(807, 123, 996, 485)",0.9067376255989075
CAM_01,2026-06-03 14:52:56,43,"(807, 124, 996, 485)",0.9071500301361084
CAM_01,2026-06-03 14:52:56,43,"(807, 124, 996, 485)",0.9070191979408264
CAM_01,2026-06-03 14:52:57,43,"(807, 124, 996, 485)",0.9095778465270996
CAM_01,2026-06-03 14:52:57,43,"(807, 123, 996, 485)",0.9101541042327881
CAM_01,2026-06-03 14:52:57,43,"(807, 123, 996, 485)",0.9124062061309814
CAM_01,2026-06-03 14:52:57,43,"(807, 124, 996, 485)",0.9136047959327698
CAM_01,2026-06-03 14:52:58,43,"(808, 123, 996, 485)",0.8968647122383118
CAM_01,2026-06-03 14:52:58,43,"(808, 123, 996, 485)",0.8941214680671692
CAM_01,2026-06-03 14:52:58,43,"(808, 123, 997, 485)",0.8978681564331055
CAM_01,2026-06-03 14:52:58,43,"(808, 123, 997, 485)",0.8985995054244995
CAM_01,2026-06-03 14:52:59,43,"(808, 123, 997, 485)",0.8872931003570557
CAM_01,2026-06-03 14:52:59,43,"(808, 122, 997, 485)",0.8878092765808105
CAM_01,2026-06-03 14:52:59,43,"(808, 122, 997, 485)",0.8782404065132141
CAM_01,2026-06-03 14:53:00,43,"(807, 123, 997, 485)",0.8875967860221863
CAM_01,2026-06-03 14:53:01,43,"(807, 123, 998, 485)",0.8936916589736938
CAM_01,2026-06-03 14:53:01,43,"(806, 123, 998, 485)",0.9043353199958801
CAM_01,2026-06-03 14:53:02,43,"(806, 123, 999, 486)",0.9022334814071655
CAM_01,2026-06-03 14:53:02,43,"(806, 125, 999, 486)",0.9221437573432922
CAM_01,2026-06-03 14:53:03,43,"(808, 119, 997, 485)",0.8972528576850891
CAM_01,2026-06-03 14:53:03,43,"(812, 114, 993, 485)",0.9100382328033447
CAM_01,2026-06-03 14:53:04,43,"(814, 108, 988, 484)",0.9026401042938232
CAM_01,2026-06-03 14:53:04,43,"(817, 107, 988, 485)",0.8938872218132019
CAM_01,2026-06-03 14:53:05,43,"(818, 106, 988, 484)",0.8961074352264404
CAM_01,2026-06-03 14:53:05,43,"(818, 106, 987, 485)",0.89555424451828
CAM_01,2026-06-03 14:53:06,43,"(818, 103, 985, 486)",0.8853514790534973
CAM_01,2026-06-03 14:53:06,43,"(819, 102, 981, 485)",0.8953607678413391
CAM_01,2026-06-03 14:53:07,43,"(819, 97, 979, 489)",0.8943194150924683
CAM_01,2026-06-03 14:53:07,43,"(817, 96, 980, 489)",0.8957321643829346
CAM_01,2026-06-03 14:53:07,43,"(804, 94, 980, 483)",0.924646258354187
CAM_01,2026-06-03 14:53:08,43,"(785, 94, 978, 470)",0.9204038977622986
CAM_01,2026-06-03 14:53:08,43,"(795, 94, 979, 479)",0.9340353608131409
CAM_01,2026-06-03 14:53:08,43,"(799, 95, 980, 482)",0.9312751293182373
CAM_01,2026-06-03 14:53:09,43,"(801, 95, 979, 484)",0.9290673136711121
CAM_01,2026-06-03 14:53:09,43,"(801, 95, 977, 484)",0.9279541373252869
CAM_01,2026-06-03 14:53:09,43,"(801, 101, 975, 485)",0.9258768558502197
CAM_01,2026-06-03 14:53:09,43,"(800, 103, 974, 485)",0.9228410124778748
CAM_01,2026-06-03 14:53:10,43,"(799, 105, 975, 485)",0.9210894107818604
CAM_01,2026-06-03 14:53:10,43,"(799, 107, 975, 485)",0.9208566546440125
CAM_01,2026-06-03 14:53:11,43,"(799, 108, 975, 485)",0.9264485239982605
CAM_01,2026-06-03 14:53:11,43,"(799, 109, 975, 485)",0.9252917766571045
CAM_01,2026-06-03 14:53:12,43,"(799, 109, 975, 485)",0.9206083416938782
CAM_01,2026-06-03 14:53:12,43,"(800, 110, 972, 485)",0.9113559722900391
CAM_01,2026-06-03 14:53:13,43,"(800, 111, 974, 486)",0.9245232343673706
CAM_01,2026-06-03 14:53:13,43,"(789, 112, 978, 484)",0.8865850567817688
CAM_01,2026-06-03 14:53:14,43,"(785, 111, 985, 483)",0.8929659724235535
CAM_01,2026-06-03 14:53:14,43,"(782, 114, 991, 483)",0.8884416818618774
CAM_01,2026-06-03 14:53:15,43,"(781, 114, 991, 487)",0.8931707739830017
CAM_01,2026-06-03 14:53:15,43,"(781, 118, 987, 489)",0.8803383111953735
CAM_01,2026-06-03 14:53:15,43,"(781, 121, 983, 489)",0.8983848094940186
CAM_01,2026-06-03 14:53:15,43,"(781, 123, 982, 488)",0.8928501009941101
CAM_01,2026-06-03 14:53:15,43,"(781, 123, 980, 489)",0.8767706155776978
CAM_01,2026-06-03 14:53:16,43,"(748, 120, 986, 490)",0.8694228529930115
CAM_01,2026-06-03 14:53:16,43,"(776, 142, 962, 489)",0.7043190598487854
CAM_01,2026-06-03 14:53:16,43,"(793, 135, 975, 489)",0.7501893639564514
CAM_01,2026-06-03 14:53:16,43,"(797, 148, 958, 488)",0.7264647483825684
CAM_01,2026-06-03 14:53:16,43,"(798, 154, 949, 487)",0.7977339625358582
CAM_01,2026-06-03 14:53:16,43,"(799, 141, 975, 487)",0.7704302072525024
CAM_01,2026-06-03 14:53:17,43,"(799, 138, 983, 487)",0.7500903010368347
CAM_01,2026-06-03 14:53:17,43,"(799, 135, 986, 487)",0.7816482782363892
CAM_01,2026-06-03 14:53:17,43,"(800, 147, 962, 487)",0.6318033337593079
CAM_01,2026-06-03 14:53:17,43,"(799, 152, 952, 487)",0.6981959342956543
CAM_01,2026-06-03 14:53:17,43,"(799, 154, 948, 487)",0.6214011311531067
CAM_01,2026-06-03 14:53:18,43,"(799, 155, 947, 487)",0.6538783311843872
CAM_01,2026-06-03 14:53:18,43,"(799, 156, 947, 487)",0.6976378560066223
CAM_01,2026-06-03 14:53:18,43,"(799, 156, 947, 487)",0.6758375763893127
CAM_01,2026-06-03 14:53:18,43,"(799, 155, 946, 487)",0.7300136089324951
CAM_01,2026-06-03 14:53:19,43,"(800, 153, 946, 487)",0.6831861734390259
CAM_01,2026-06-03 14:53:19,43,"(800, 152, 947, 487)",0.6619011163711548
CAM_01,2026-06-03 14:53:19,43,"(801, 151, 947, 487)",0.6684845685958862
CAM_01,2026-06-03 14:53:19,43,"(801, 141, 965, 488)",0.6931197047233582
CAM_01,2026-06-03 14:53:19,43,"(802, 136, 972, 488)",0.6932333707809448
CAM_01,2026-06-03 14:53:20,43,"(802, 136, 974, 488)",0.6340634822845459
CAM_01,2026-06-03 14:53:20,43,"(802, 138, 973, 488)",0.6249628067016602
CAM_01,2026-06-03 14:53:20,43,"(801, 148, 957, 488)",0.7577887773513794
CAM_01,2026-06-03 14:53:20,43,"(801, 152, 951, 487)",0.7155998349189758
CAM_01,2026-06-03 14:53:20,43,"(801, 153, 949, 487)",0.713825523853302
CAM_01,2026-06-03 14:53:21,43,"(802, 130, 972, 488)",0.731625497341156
CAM_01,2026-06-03 14:53:21,43,"(802, 126, 975, 488)",0.6689409613609314
CAM_01,2026-06-03 14:53:21,43,"(801, 140, 960, 488)",0.6624795198440552
CAM_01,2026-06-03 14:53:21,43,"(801, 129, 973, 488)",0.7745017409324646
CAM_01,2026-06-03 14:53:21,43,"(801, 124, 979, 488)",0.8138746023178101
CAM_01,2026-06-03 14:53:22,43,"(801, 124, 980, 488)",0.8464516997337341
CAM_01,2026-06-03 14:53:22,43,"(801, 124, 980, 488)",0.8867934942245483
CAM_01,2026-06-03 14:53:22,43,"(802, 123, 977, 488)",0.8984938263893127
CAM_01,2026-06-03 14:53:22,43,"(803, 122, 975, 488)",0.9055864214897156
CAM_01,2026-06-03 14:53:23,43,"(803, 119, 972, 489)",0.899572491645813
CAM_01,2026-06-03 14:53:23,43,"(803, 116, 971, 489)",0.9047864079475403
CAM_01,2026-06-03 14:53:23,43,"(804, 115, 971, 490)",0.9050891399383545
CAM_01,2026-06-03 14:53:23,43,"(804, 117, 972, 490)",0.9035521745681763
CAM_01,2026-06-03 14:53:23,43,"(804, 118, 972, 490)",0.8986359238624573
CAM_01,2026-06-03 14:53:24,43,"(804, 119, 974, 490)",0.9032638669013977
CAM_01,2026-06-03 14:53:24,43,"(804, 119, 975, 490)",0.8967359662055969
CAM_01,2026-06-03 14:53:24,43,"(804, 120, 975, 490)",0.8842814564704895
CAM_01,2026-06-03 14:53:24,43,"(803, 121, 976, 490)",0.8817186951637268
CAM_01,2026-06-03 14:53:25,43,"(803, 122, 976, 490)",0.8995816707611084
CAM_01,2026-06-03 14:53:25,43,"(804, 123, 977, 489)",0.8799197673797607
CAM_01,2026-06-03 14:53:25,43,"(805, 123, 977, 488)",0.8779901266098022
CAM_01,2026-06-03 14:53:25,43,"(805, 123, 976, 488)",0.8085777759552002
CAM_01,2026-06-03 14:53:26,43,"(806, 123, 976, 487)",0.8148462772369385
CAM_01,2026-06-03 14:53:26,43,"(806, 123, 976, 488)",0.8285093307495117
CAM_01,2026-06-03 14:53:26,43,"(805, 123, 976, 488)",0.8219566345214844
CAM_01,2026-06-03 14:53:26,43,"(805, 123, 976, 488)",0.8399002552032471
CAM_01,2026-06-03 14:53:27,43,"(805, 123, 975, 488)",0.82695072889328
CAM_01,2026-06-03 14:53:27,43,"(804, 122, 975, 488)",0.8935320973396301
CAM_01,2026-06-03 14:53:27,43,"(804, 122, 976, 488)",0.8843182921409607
CAM_01,2026-06-03 14:53:27,43,"(804, 122, 976, 488)",0.8826151490211487
CAM_01,2026-06-03 14:53:28,43,"(803, 122, 976, 488)",0.8831163048744202
CAM_01,2026-06-03 14:53:28,43,"(803, 124, 977, 488)",0.8731698393821716
CAM_01,2026-06-03 14:53:28,43,"(803, 125, 979, 488)",0.8826466202735901
CAM_01,2026-06-03 14:53:28,43,"(801, 126, 982, 488)",0.9112246036529541
CAM_01,2026-06-03 14:53:29,43,"(799, 128, 988, 488)",0.9118015766143799
CAM_01,2026-06-03 14:53:29,43,"(798, 131, 990, 488)",0.882577121257782
CAM_01,2026-06-03 14:53:29,43,"(799, 131, 993, 487)",0.9066499471664429
CAM_01,2026-06-03 14:53:29,43,"(800, 132, 994, 490)",0.9085829257965088
CAM_01,2026-06-03 14:53:30,43,"(800, 131, 995, 490)",0.907963752746582
CAM_01,2026-06-03 14:53:30,43,"(801, 132, 996, 489)",0.9061403870582581
CAM_01,2026-06-03 14:53:30,43,"(802, 131, 997, 489)",0.9001665711402893
CAM_01,2026-06-03 14:53:30,43,"(802, 131, 998, 490)",0.9009084105491638
CAM_01,2026-06-03 14:53:31,43,"(803, 131, 998, 490)",0.9007769823074341
CAM_01,2026-06-03 14:53:31,43,"(803, 132, 999, 491)",0.9018562436103821
CAM_01,2026-06-03 14:53:31,43,"(804, 128, 998, 489)",0.8748349547386169
CAM_01,2026-06-03 14:53:31,43,"(804, 126, 998, 488)",0.8636982440948486
CAM_01,2026-06-03 14:53:31,43,"(805, 125, 997, 488)",0.8608165979385376
CAM_01,2026-06-03 14:53:32,43,"(805, 125, 997, 488)",0.8577202558517456
CAM_01,2026-06-03 14:53:32,43,"(804, 126, 997, 489)",0.8640901446342468
CAM_01,2026-06-03 14:53:32,43,"(805, 127, 998, 488)",0.8608264327049255
CAM_01,2026-06-03 14:53:32,43,"(805, 128, 999, 488)",0.8717649579048157
CAM_01,2026-06-03 14:53:33,43,"(805, 128, 999, 488)",0.880470335483551
CAM_01,2026-06-03 14:53:33,43,"(806, 129, 1000, 489)",0.883176863193512
CAM_01,2026-06-03 14:53:33,43,"(806, 128, 999, 489)",0.8550273776054382
CAM_01,2026-06-03 14:53:33,43,"(806, 127, 998, 489)",0.8811836838722229
CAM_01,2026-06-03 14:53:34,43,"(805, 126, 997, 489)",0.8975122570991516
CAM_01,2026-06-03 14:53:34,43,"(805, 125, 996, 489)",0.9070373773574829
CAM_01,2026-06-03 14:53:34,43,"(806, 122, 996, 489)",0.8931155204772949
CAM_01,2026-06-03 14:53:34,43,"(809, 119, 995, 490)",0.8946400880813599
CAM_01,2026-06-03 14:53:34,43,"(811, 116, 993, 489)",0.8670512437820435
CAM_01,2026-06-03 14:53:34,43,"(812, 113, 992, 490)",0.8737645745277405
CAM_01,2026-06-03 14:53:35,43,"(815, 111, 988, 488)",0.8743881583213806
CAM_01,2026-06-03 14:53:35,43,"(816, 109, 984, 487)",0.8809020519256592
CAM_01,2026-06-03 14:53:35,43,"(817, 107, 982, 487)",0.8726058602333069
CAM_01,2026-06-03 14:53:35,43,"(817, 106, 981, 487)",0.8663906455039978
CAM_01,2026-06-03 14:53:35,43,"(818, 104, 982, 487)",0.8841949701309204
CAM_01,2026-06-03 14:53:36,43,"(818, 104, 983, 487)",0.8878059983253479
CAM_01,2026-06-03 14:53:36,43,"(817, 104, 984, 487)",0.8975154757499695
CAM_01,2026-06-03 14:53:37,43,"(816, 105, 986, 488)",0.9016724824905396
CAM_01,2026-06-03 14:53:37,43,"(814, 107, 988, 488)",0.8979792594909668
CAM_01,2026-06-03 14:53:38,43,"(813, 109, 990, 487)",0.8907684683799744
CAM_01,2026-06-03 14:53:38,43,"(812, 109, 991, 487)",0.8905513286590576
CAM_01,2026-06-03 14:53:38,43,"(812, 111, 993, 488)",0.8911871910095215
CAM_01,2026-06-03 14:53:39,43,"(813, 112, 993, 488)",0.895226240158081
CAM_01,2026-06-03 14:53:39,43,"(812, 113, 993, 488)",0.8915138840675354
CAM_01,2026-06-03 14:53:39,43,"(812, 113, 993, 487)",0.8913357853889465
CAM_01,2026-06-03 14:53:40,43,"(811, 112, 993, 487)",0.8904736042022705
CAM_01,2026-06-03 14:53:40,43,"(811, 112, 992, 488)",0.8874673247337341
CAM_01,2026-06-03 14:53:40,43,"(811, 111, 993, 488)",0.8896345496177673
CAM_01,2026-06-03 14:53:40,43,"(811, 112, 993, 488)",0.8879336714744568
CAM_01,2026-06-03 14:53:41,43,"(812, 112, 992, 488)",0.889557957649231
CAM_01,2026-06-03 14:53:41,43,"(812, 113, 992, 488)",0.8937111496925354
CAM_01,2026-06-03 14:54:32,1,"(805, 86, 996, 502)",0.8707911372184753
CAM_01,2026-06-03 14:54:33,1,"(810, 87, 1008, 509)",0.8928085565567017
CAM_01,2026-06-03 14:54:33,1,"(806, 87, 1011, 509)",0.9095087051391602
CAM_01,2026-06-03 14:54:33,1,"(803, 87, 1012, 509)",0.913982093334198
CAM_01,2026-06-03 14:54:33,1,"(802, 88, 1009, 509)",0.9070315957069397
CAM_01,2026-06-03 14:54:33,1,"(801, 93, 996, 509)",0.9002887606620789
CAM_01,2026-06-03 14:54:33,1,"(800, 97, 1000, 508)",0.9177027344703674
CAM_01,2026-06-03 14:54:34,1,"(800, 99, 1003, 508)",0.9097725749015808
CAM_01,2026-06-03 14:54:34,1,"(799, 99, 976, 509)",0.8710445761680603
CAM_01,2026-06-03 14:54:34,1,"(793, 99, 960, 509)",0.8883274793624878
CAM_01,2026-06-03 14:54:34,1,"(779, 97, 958, 508)",0.8858025074005127
CAM_01,2026-06-03 14:54:34,1,"(769, 96, 944, 508)",0.87824547290802
CAM_01,2026-06-03 14:54:35,1,"(757, 93, 930, 508)",0.892530083656311
CAM_01,2026-06-03 14:54:35,1,"(751, 91, 919, 508)",0.8901322484016418
CAM_01,2026-06-03 14:54:35,1,"(747, 86, 903, 508)",0.8920512199401855
CAM_01,2026-06-03 14:54:35,1,"(744, 82, 897, 505)",0.894111692905426
CAM_01,2026-06-03 14:54:35,1,"(738, 77, 895, 491)",0.8792693614959717
CAM_01,2026-06-03 14:54:36,1,"(736, 74, 892, 477)",0.8704530000686646
CAM_01,2026-06-03 14:54:36,1,"(730, 69, 873, 467)",0.8831019997596741
CAM_01,2026-06-03 14:54:36,1,"(729, 67, 866, 463)",0.8783767819404602
CAM_01,2026-06-03 14:54:36,1,"(730, 66, 863, 461)",0.8861593008041382
CAM_01,2026-06-03 14:54:36,1,"(731, 64, 863, 460)",0.8937640190124512
CAM_01,2026-06-03 14:54:37,1,"(733, 61, 862, 457)",0.8992302417755127
CAM_01,2026-06-03 14:54:37,1,"(735, 55, 864, 447)",0.8929205536842346
CAM_01,2026-06-03 14:54:37,1,"(740, 51, 870, 421)",0.891531229019165
CAM_01,2026-06-03 14:54:37,1,"(744, 46, 872, 413)",0.8972763419151306
CAM_01,2026-06-03 14:54:37,1,"(743, 40, 870, 409)",0.8659545183181763
CAM_01,2026-06-03 14:54:38,1,"(735, 37, 868, 406)",0.8673079013824463
CAM_01,2026-06-03 14:54:38,1,"(726, 36, 861, 404)",0.8899918794631958
CAM_01,2026-06-03 14:54:38,1,"(721, 34, 854, 405)",0.8866199254989624
CAM_01,2026-06-03 14:54:38,1,"(718, 31, 844, 395)",0.8862057328224182
CAM_01,2026-06-03 14:54:38,1,"(713, 27, 835, 380)",0.8873593211174011
CAM_01,2026-06-03 14:54:39,1,"(707, 23, 826, 363)",0.9181016087532043
CAM_01,2026-06-03 14:54:39,1,"(704, 20, 820, 356)",0.9169209599494934
CAM_01,2026-06-03 14:54:39,1,"(703, 18, 817, 353)",0.908976137638092
CAM_01,2026-06-03 14:54:39,1,"(702, 17, 815, 352)",0.9087434411048889
CAM_01,2026-06-03 14:54:39,1,"(700, 15, 811, 348)",0.897556722164154
CAM_01,2026-06-03 14:54:40,1,"(700, 8, 806, 339)",0.8885162472724915
CAM_01,2026-06-03 14:54:40,1,"(699, 5, 803, 330)",0.894099235534668
CAM_01,2026-06-03 14:54:40,1,"(699, 4, 801, 316)",0.8929592967033386
CAM_01,2026-06-03 14:54:40,1,"(696, 2, 800, 310)",0.8870099186897278
CAM_01,2026-06-03 14:54:41,1,"(695, 2, 799, 307)",0.8765656352043152
CAM_01,2026-06-03 14:54:41,1,"(692, 2, 797, 306)",0.880074143409729
CAM_01,2026-06-03 14:54:41,1,"(689, 1, 795, 305)",0.8871980905532837
CAM_01,2026-06-03 14:54:41,1,"(687, 1, 790, 305)",0.8879217505455017
CAM_01,2026-06-03 14:54:41,1,"(682, 1, 784, 302)",0.8974459767341614
CAM_01,2026-06-03 14:54:42,1,"(680, 0, 781, 297)",0.8905343413352966
CAM_01,2026-06-03 14:54:42,1,"(678, 0, 780, 291)",0.8925361633300781
CAM_01,2026-06-03 14:54:42,1,"(673, 0, 779, 279)",0.9003440141677856
CAM_01,2026-06-03 14:54:42,1,"(664, 0, 776, 273)",0.896358072757721
CAM_01,2026-06-03 14:54:42,1,"(655, 1, 770, 269)",0.8968307971954346
CAM_01,2026-06-03 14:54:43,1,"(648, 1, 767, 269)",0.8996556401252747
CAM_01,2026-06-03 14:54:43,1,"(646, 0, 764, 268)",0.9076873064041138
CAM_01,2026-06-03 14:54:43,1,"(647, 0, 763, 265)",0.9052844047546387
CAM_01,2026-06-03 14:54:43,1,"(652, 0, 761, 264)",0.9041277766227722
CAM_01,2026-06-03 14:54:43,1,"(656, 0, 758, 262)",0.8967167735099792
CAM_01,2026-06-03 14:54:44,1,"(659, 0, 755, 250)",0.8907053470611572
CAM_01,2026-06-03 14:54:44,1,"(659, 0, 754, 242)",0.8972577452659607
CAM_01,2026-06-03 14:54:44,1,"(657, 0, 752, 238)",0.8946912288665771
CAM_01,2026-06-03 14:54:44,1,"(655, 0, 750, 237)",0.8896798491477966
CAM_01,2026-06-03 14:54:44,1,"(653, 1, 746, 236)",0.8939182758331299
CAM_01,2026-06-03 14:54:45,1,"(652, 1, 743, 236)",0.8866310715675354
CAM_01,2026-06-03 14:54:45,1,"(652, 0, 741, 229)",0.8711398243904114
CAM_01,2026-06-03 14:54:45,1,"(651, 0, 740, 221)",0.8798569440841675
CAM_01,2026-06-03 14:54:45,1,"(645, 1, 735, 214)",0.8838550448417664
CAM_01,2026-06-03 14:54:45,1,"(637, 1, 733, 210)",0.8999840021133423
CAM_01,2026-06-03 14:54:46,1,"(630, 1, 731, 207)",0.9108904600143433
CAM_01,2026-06-03 14:54:46,1,"(626, 1, 728, 207)",0.9088481068611145
CAM_01,2026-06-03 14:54:46,1,"(626, 1, 725, 207)",0.8998441100120544
CAM_01,2026-06-03 14:54:46,1,"(629, 1, 721, 203)",0.8828291296958923
CAM_01,2026-06-03 14:54:46,1,"(632, 1, 718, 202)",0.8707016706466675
CAM_01,2026-06-03 14:54:47,1,"(633, 1, 716, 202)",0.8749567866325378
CAM_01,2026-06-03 14:54:47,1,"(630, 1, 711, 193)",0.8633785843849182
CAM_01,2026-06-03 14:54:47,1,"(625, 1, 707, 187)",0.8630815148353577
CAM_01,2026-06-03 14:54:47,1,"(621, 1, 703, 183)",0.883189857006073
CAM_01,2026-06-03 14:54:47,1,"(619, 0, 700, 180)",0.8859740495681763
CAM_01,2026-06-03 14:54:48,1,"(618, 0, 697, 180)",0.889386773109436
CAM_01,2026-06-03 14:54:48,1,"(617, 0, 693, 177)",0.8727792501449585
CAM_01,2026-06-03 14:54:48,1,"(616, 0, 689, 176)",0.858293354511261
CAM_01,2026-06-03 14:54:48,1,"(613, 0, 688, 173)",0.86037677526474
CAM_01,2026-06-03 14:54:48,1,"(604, 0, 685, 167)",0.884634256362915
CAM_01,2026-06-03 14:54:49,1,"(596, 0, 684, 165)",0.8941904306411743
CAM_01,2026-06-03 14:54:49,1,"(588, 0, 682, 164)",0.8845818042755127
CAM_01,2026-06-03 14:54:49,1,"(584, 0, 680, 164)",0.8754574656486511
CAM_01,2026-06-03 14:54:49,1,"(587, 0, 677, 163)",0.869334876537323
CAM_01,2026-06-03 14:54:49,1,"(589, 0, 675, 162)",0.865788459777832
CAM_01,2026-06-03 14:54:50,1,"(594, 0, 674, 159)",0.8611558675765991
CAM_01,2026-06-03 14:54:50,1,"(596, 0, 674, 156)",0.8257579803466797
CAM_01,2026-06-03 14:54:50,1,"(595, 0, 673, 151)",0.8417221307754517
CAM_01,2026-06-03 14:54:50,1,"(594, 0, 671, 148)",0.8188571929931641
CAM_01,2026-06-03 14:54:50,1,"(592, 0, 667, 147)",0.8314595818519592
CAM_01,2026-06-03 14:54:51,1,"(588, 0, 666, 146)",0.8623095750808716
CAM_01,2026-06-03 14:54:51,1,"(586, 0, 663, 146)",0.8628712296485901
CAM_01,2026-06-03 14:54:51,1,"(584, 0, 657, 144)",0.8407883644104004
CAM_01,2026-06-03 14:54:51,1,"(581, 0, 646, 143)",0.7058472633361816
CAM_01,2026-06-03 14:54:51,1,"(578, 0, 643, 143)",0.7636707425117493
CAM_01,2026-06-03 14:54:52,1,"(573, 0, 640, 141)",0.7398434281349182
CAM_01,2026-06-03 14:54:52,1,"(569, 0, 638, 141)",0.6827543377876282
CAM_01,2026-06-03 14:54:52,1,"(566, 0, 636, 139)",0.6958673596382141
CAM_01,2026-06-03 14:54:53,1,"(575, 0, 625, 132)",0.511474609375
CAM_01,2026-06-03 14:54:53,1,"(576, 1, 626, 129)",0.6187552809715271
CAM_01,2026-06-03 14:54:54,1,"(574, 0, 627, 129)",0.6516331434249878
CAM_01,2026-06-03 14:54:54,1,"(574, 0, 627, 129)",0.7366836667060852
CAM_01,2026-06-03 14:54:54,1,"(576, 1, 627, 126)",0.5512877106666565
CAM_01,2026-06-03 14:54:55,1,"(574, 1, 621, 127)",0.5640074014663696
CAM_01,2026-06-03 14:54:56,1,"(570, 1, 621, 127)",0.7788901329040527
CAM_01,2026-06-03 14:54:56,1,"(567, 1, 621, 127)",0.7208772301673889
CAM_01,2026-06-03 14:54:57,1,"(552, 0, 623, 127)",0.5871294140815735
CAM_01,2026-06-03 14:54:57,1,"(552, 0, 622, 128)",0.6006349325180054
CAM_01,2026-06-03 14:54:58,1,"(563, 1, 608, 130)",0.5470588207244873
CAM_01,2026-06-03 14:54:58,1,"(562, 1, 606, 131)",0.5485801100730896
CAM_01,2026-06-03 14:54:58,1,"(565, 1, 607, 135)",0.5727584958076477
CAM_01,2026-06-03 14:54:59,1,"(567, 0, 606, 136)",0.5097120404243469
CAM_01,2026-06-03 14:54:59,1,"(571, 0, 610, 138)",0.6549177765846252
CAM_01,2026-06-03 14:54:59,1,"(572, 0, 613, 138)",0.5411915183067322
CAM_01,2026-06-03 14:55:00,1,"(568, 0, 638, 138)",0.641082227230072
CAM_01,2026-06-03 14:55:00,40,"(518, 0, 578, 109)",0.5372194647789001
CAM_01,2026-06-03 14:55:01,1,"(568, 0, 632, 138)",0.5083757042884827
CAM_01,2026-06-03 14:55:03,1,"(599, 0, 653, 144)",0.6456581950187683
CAM_01,2026-06-03 14:55:04,1,"(602, 0, 660, 150)",0.749897837638855
CAM_01,2026-06-03 14:55:04,1,"(592, 0, 651, 152)",0.7982791662216187
CAM_01,2026-06-03 14:55:05,40,"(550, 0, 622, 166)",0.7909519076347351
CAM_01,2026-06-03 14:55:05,1,"(586, 1, 655, 170)",0.8519614934921265
CAM_01,2026-06-03 14:55:05,1,"(583, 1, 675, 173)",0.7855566740036011
CAM_01,2026-06-03 14:55:05,1,"(617, 1, 698, 173)",0.8540201783180237
CAM_01,2026-06-03 14:55:05,40,"(565, 0, 612, 114)",0.6499674916267395
CAM_01,2026-06-03 14:55:05,1,"(596, 1, 678, 197)",0.8881846070289612
CAM_01,2026-06-03 14:55:06,1,"(574, 0, 666, 234)",0.9003583192825317
CAM_01,2026-06-03 14:55:06,1,"(581, 3, 688, 294)",0.9026830196380615
CAM_01,2026-06-03 14:55:06,53,"(717, 22, 829, 361)",0.8508558869361877
CAM_01,2026-06-03 14:55:06,1,"(607, 18, 723, 357)",0.8676519393920898
CAM_01,2026-06-03 14:55:06,53,"(755, 27, 836, 373)",0.818362295627594
CAM_01,2026-06-03 14:55:06,1,"(643, 50, 780, 414)",0.8841447234153748
CAM_01,2026-06-03 14:55:06,1,"(684, 21, 796, 344)",0.891785204410553
CAM_01,2026-06-03 14:55:06,53,"(753, 78, 934, 493)",0.8951526284217834
CAM_01,2026-06-03 14:55:07,53,"(766, 98, 978, 513)",0.8309581279754639
CAM_01,2026-06-03 14:55:07,53,"(792, 97, 996, 512)",0.8823379278182983
CAM_01,2026-06-03 14:55:07,56,"(776, 1, 844, 224)",0.6065234541893005
CAM_01,2026-06-03 14:55:07,53,"(805, 97, 1001, 510)",0.8886731266975403
CAM_01,2026-06-03 14:55:07,56,"(773, 0, 845, 216)",0.7604536414146423
CAM_01,2026-06-03 14:55:07,53,"(810, 95, 1000, 509)",0.8909692168235779
CAM_01,2026-06-03 14:55:07,56,"(782, 0, 845, 209)",0.6694244742393494
CAM_01,2026-06-03 14:55:07,53,"(812, 94, 997, 507)",0.8821613192558289
CAM_01,2026-06-03 14:55:08,53,"(810, 93, 995, 506)",0.8834432363510132
CAM_01,2026-06-03 14:55:08,56,"(785, 0, 844, 212)",0.6931219100952148
CAM_01,2026-06-03 14:55:08,53,"(809, 92, 993, 504)",0.879269003868103
CAM_01,2026-06-03 14:55:08,56,"(784, 0, 843, 213)",0.7096458673477173
CAM_01,2026-06-03 14:55:08,53,"(809, 91, 990, 503)",0.8711413145065308
CAM_01,2026-06-03 14:55:08,53,"(808, 90, 988, 502)",0.8684754371643066
CAM_01,2026-06-03 14:55:08,53,"(808, 90, 984, 502)",0.8629379868507385
CAM_01,2026-06-03 14:55:09,53,"(806, 90, 982, 502)",0.8550064563751221
CAM_01,2026-06-03 14:55:09,53,"(800, 88, 978, 500)",0.8922326564788818
CAM_01,2026-06-03 14:55:09,53,"(801, 88, 976, 500)",0.893319308757782
CAM_01,2026-06-03 14:55:09,53,"(802, 87, 974, 499)",0.8865413665771484
CAM_01,2026-06-03 14:55:09,57,"(824, 0, 864, 154)",0.5060598850250244
CAM_01,2026-06-03 14:55:09,53,"(805, 87, 972, 498)",0.8851189613342285
CAM_01,2026-06-03 14:55:10,53,"(808, 87, 971, 498)",0.8836077451705933
CAM_01,2026-06-03 14:55:10,53,"(809, 87, 970, 497)",0.8841114640235901
CAM_01,2026-06-03 14:55:10,57,"(822, 0, 883, 153)",0.5943343639373779
CAM_01,2026-06-03 14:55:10,53,"(808, 87, 968, 497)",0.8869991302490234
CAM_01,2026-06-03 14:55:10,57,"(820, 0, 891, 154)",0.7382631301879883
CAM_01,2026-06-03 14:55:10,53,"(809, 87, 968, 497)",0.8813477754592896
CAM_01,2026-06-03 14:55:10,57,"(812, 1, 895, 155)",0.7413024306297302
CAM_01,2026-06-03 14:55:11,53,"(805, 86, 967, 497)",0.8768115043640137
CAM_01,2026-06-03 14:55:11,57,"(798, 1, 897, 157)",0.5780971050262451
CAM_01,2026-06-03 14:55:11,53,"(803, 86, 967, 497)",0.8766008615493774
CAM_01,2026-06-03 14:55:11,57,"(795, 0, 897, 185)",0.5370480418205261
CAM_01,2026-06-03 14:55:11,53,"(805, 86, 965, 497)",0.872231662273407
CAM_01,2026-06-03 14:55:11,57,"(786, 0, 897, 196)",0.7978713512420654
CAM_01,2026-06-03 14:55:11,53,"(808, 86, 965, 496)",0.8733870387077332
CAM_01,2026-06-03 14:55:11,57,"(780, 1, 897, 200)",0.7723053693771362
CAM_01,2026-06-03 14:55:11,53,"(809, 86, 964, 496)",0.8706792593002319
CAM_01,2026-06-03 14:55:11,57,"(779, 1, 896, 202)",0.8171132206916809
CAM_01,2026-06-03 14:55:12,53,"(810, 86, 964, 496)",0.8686277270317078
CAM_01,2026-06-03 14:55:12,57,"(778, 1, 895, 202)",0.8266869783401489
CAM_01,2026-06-03 14:55:12,53,"(807, 85, 964, 496)",0.8692418336868286
CAM_01,2026-06-03 14:55:12,57,"(779, 1, 893, 202)",0.7902577519416809
CAM_01,2026-06-03 14:55:12,53,"(805, 85, 964, 496)",0.8695493936538696
CAM_01,2026-06-03 14:55:12,57,"(781, 1, 892, 201)",0.7504845857620239
CAM_01,2026-06-03 14:55:12,53,"(805, 85, 964, 496)",0.8740416765213013
CAM_01,2026-06-03 14:55:12,57,"(783, 1, 889, 202)",0.805924654006958
CAM_01,2026-06-03 14:55:13,53,"(804, 85, 965, 496)",0.8793557286262512
CAM_01,2026-06-03 14:55:13,57,"(786, 1, 886, 203)",0.6864937543869019
CAM_01,2026-06-03 14:55:13,53,"(804, 85, 965, 496)",0.882055938243866
CAM_01,2026-06-03 14:55:13,57,"(786, 1, 884, 203)",0.7818173170089722
CAM_01,2026-06-03 14:55:13,53,"(806, 86, 966, 496)",0.8748763799667358
CAM_01,2026-06-03 14:55:13,57,"(784, 1, 878, 205)",0.8295228481292725
CAM_01,2026-06-03 14:55:13,53,"(807, 85, 968, 497)",0.8853684067726135
CAM_01,2026-06-03 14:55:13,57,"(785, 1, 868, 206)",0.8310006856918335
CAM_01,2026-06-03 14:55:13,53,"(809, 85, 970, 497)",0.8867435455322266
CAM_01,2026-06-03 14:55:13,57,"(784, 1, 860, 206)",0.8132847547531128
CAM_01,2026-06-03 14:55:14,53,"(808, 85, 972, 497)",0.8875188231468201
CAM_01,2026-06-03 14:55:14,57,"(783, 1, 855, 206)",0.8205063939094543
CAM_01,2026-06-03 14:55:14,53,"(808, 86, 974, 497)",0.8885065317153931
CAM_01,2026-06-03 14:55:14,57,"(781, 0, 852, 207)",0.8236591815948486
CAM_01,2026-06-03 14:55:14,53,"(811, 86, 977, 497)",0.8846166133880615
CAM_01,2026-06-03 14:55:14,57,"(779, 0, 849, 210)",0.8402333855628967
CAM_01,2026-06-03 14:55:14,53,"(814, 87, 978, 497)",0.878054678440094
CAM_01,2026-06-03 14:55:14,57,"(777, 0, 846, 212)",0.8288196325302124
CAM_01,2026-06-03 14:55:14,53,"(812, 88, 979, 497)",0.8789574503898621
CAM_01,2026-06-03 14:55:14,57,"(775, 0, 845, 225)",0.8073092699050903
CAM_01,2026-06-03 14:55:15,53,"(810, 88, 979, 497)",0.8821906447410583
CAM_01,2026-06-03 14:55:15,57,"(772, 0, 844, 232)",0.7882671356201172
CAM_01,2026-06-03 14:55:15,53,"(806, 87, 979, 497)",0.8832976222038269
CAM_01,2026-06-03 14:55:15,57,"(768, 0, 843, 235)",0.7764164209365845
CAM_01,2026-06-03 14:55:15,53,"(801, 89, 980, 496)",0.8864699006080627
CAM_01,2026-06-03 14:55:15,57,"(766, 0, 843, 235)",0.5968971252441406
CAM_01,2026-06-03 14:55:15,53,"(801, 90, 981, 496)",0.8852638602256775
CAM_01,2026-06-03 14:55:15,57,"(762, 1, 843, 233)",0.7258381247520447
CAM_01,2026-06-03 14:55:16,53,"(800, 90, 981, 496)",0.9027732610702515
CAM_01,2026-06-03 14:55:16,57,"(752, 1, 841, 235)",0.8708797097206116
CAM_01,2026-06-03 14:55:16,53,"(799, 90, 981, 496)",0.9066219925880432
CAM_01,2026-06-03 14:55:16,57,"(740, 1, 838, 238)",0.882309079170227
CAM_01,2026-06-03 14:55:16,53,"(800, 91, 981, 496)",0.9049076437950134
CAM_01,2026-06-03 14:55:16,57,"(729, 2, 834, 245)",0.8628963232040405
CAM_01,2026-06-03 14:55:16,53,"(801, 92, 980, 496)",0.9017871618270874
CAM_01,2026-06-03 14:55:16,57,"(726, 2, 827, 250)",0.8606991767883301
CAM_01,2026-06-03 14:55:16,53,"(802, 93, 980, 496)",0.9020056128501892
CAM_01,2026-06-03 14:55:16,57,"(725, 3, 817, 253)",0.8354144096374512
CAM_01,2026-06-03 14:55:17,53,"(803, 93, 980, 496)",0.9049515724182129
CAM_01,2026-06-03 14:55:17,57,"(724, 3, 810, 255)",0.8333773612976074
CAM_01,2026-06-03 14:55:17,53,"(806, 93, 979, 496)",0.8910020589828491
CAM_01,2026-06-03 14:55:17,57,"(712, 1, 801, 260)",0.8581091165542603
CAM_01,2026-06-03 14:55:17,53,"(806, 93, 978, 495)",0.8889334201812744
CAM_01,2026-06-03 14:55:17,57,"(703, 1, 792, 267)",0.8711637258529663
CAM_01,2026-06-03 14:55:17,53,"(804, 93, 976, 495)",0.893966019153595
CAM_01,2026-06-03 14:55:17,57,"(698, 1, 786, 276)",0.8423195481300354
CAM_01,2026-06-03 14:55:18,53,"(803, 92, 974, 495)",0.8938371539115906
CAM_01,2026-06-03 14:55:18,57,"(690, 1, 780, 283)",0.8755976557731628
CAM_01,2026-06-03 14:55:18,53,"(803, 92, 973, 495)",0.8980646133422852
CAM_01,2026-06-03 14:55:18,57,"(688, 1, 777, 294)",0.8754736185073853
CAM_01,2026-06-03 14:55:18,53,"(804, 92, 972, 495)",0.8966067433357239
CAM_01,2026-06-03 14:55:18,57,"(687, 0, 772, 296)",0.8742965459823608
CAM_01,2026-06-03 14:55:18,53,"(803, 92, 972, 495)",0.8985009789466858
CAM_01,2026-06-03 14:55:18,57,"(684, 0, 769, 298)",0.8810227513313293
CAM_01,2026-06-03 14:55:18,53,"(802, 92, 971, 495)",0.8990793228149414
CAM_01,2026-06-03 14:55:18,57,"(678, 0, 767, 298)",0.876825749874115
CAM_01,2026-06-03 14:55:19,53,"(802, 92, 968, 495)",0.9015681147575378
CAM_01,2026-06-03 14:55:19,57,"(663, 0, 760, 301)",0.8598452210426331
CAM_01,2026-06-03 14:55:19,53,"(802, 91, 966, 495)",0.9024854898452759
CAM_01,2026-06-03 14:55:19,57,"(650, 1, 755, 307)",0.891353964805603
CAM_01,2026-06-03 14:55:19,53,"(803, 89, 964, 496)",0.9000864624977112
CAM_01,2026-06-03 14:55:19,57,"(644, 5, 745, 319)",0.8463684320449829
CAM_01,2026-06-03 14:55:20,53,"(802, 87, 963, 499)",0.9015775322914124
CAM_01,2026-06-03 14:55:20,57,"(638, 6, 735, 327)",0.8410590887069702
CAM_01,2026-06-03 14:55:20,53,"(795, 85, 961, 490)",0.8772178292274475
CAM_01,2026-06-03 14:55:20,57,"(629, 9, 727, 330)",0.8640065789222717
CAM_01,2026-06-03 14:55:20,53,"(774, 85, 951, 470)",0.8779012560844421
CAM_01,2026-06-03 14:55:20,57,"(617, 10, 721, 330)",0.893683671951294
CAM_01,2026-06-03 14:55:20,53,"(757, 85, 944, 467)",0.872495710849762
CAM_01,2026-06-03 14:55:20,57,"(610, 10, 716, 330)",0.9028254151344299
CAM_01,2026-06-03 14:55:20,53,"(749, 85, 930, 481)",0.8940863013267517
CAM_01,2026-06-03 14:55:20,57,"(606, 13, 708, 349)",0.8582742810249329
CAM_01,2026-06-03 14:55:21,53,"(745, 85, 911, 485)",0.8857486844062805
CAM_01,2026-06-03 14:55:21,57,"(606, 17, 705, 363)",0.8910102844238281
CAM_01,2026-06-03 14:55:21,53,"(744, 86, 898, 488)",0.8636825084686279
CAM_01,2026-06-03 14:55:21,57,"(606, 19, 704, 369)",0.8934786915779114
CAM_01,2026-06-03 14:55:21,53,"(742, 85, 886, 488)",0.8691753149032593
CAM_01,2026-06-03 14:55:21,57,"(607, 21, 704, 374)",0.885412335395813
CAM_01,2026-06-03 14:55:21,53,"(742, 85, 881, 489)",0.8672734498977661
CAM_01,2026-06-03 14:55:21,57,"(607, 23, 703, 375)",0.8817085027694702
CAM_01,2026-06-03 14:55:22,53,"(739, 84, 875, 488)",0.8130718469619751
CAM_01,2026-06-03 14:55:22,57,"(605, 26, 707, 374)",0.8647176623344421
CAM_01,2026-06-03 14:55:22,53,"(737, 83, 869, 488)",0.8697277903556824
CAM_01,2026-06-03 14:55:22,57,"(601, 28, 708, 376)",0.8713328242301941
CAM_01,2026-06-03 14:55:22,53,"(736, 83, 867, 488)",0.872241199016571
CAM_01,2026-06-03 14:55:22,57,"(597, 30, 710, 387)",0.8889398574829102
CAM_01,2026-06-03 14:55:22,53,"(735, 84, 865, 488)",0.8711570501327515
CAM_01,2026-06-03 14:55:22,57,"(599, 36, 709, 410)",0.8679340481758118
CAM_01,2026-06-03 14:55:23,53,"(734, 82, 865, 488)",0.8769746422767639
CAM_01,2026-06-03 14:55:23,57,"(599, 41, 707, 421)",0.869229257106781
CAM_01,2026-06-03 14:55:23,53,"(733, 79, 864, 488)",0.8757494688034058
CAM_01,2026-06-03 14:55:23,57,"(600, 42, 704, 424)",0.8852452635765076
CAM_01,2026-06-03 14:55:23,53,"(732, 76, 864, 488)",0.8818374276161194
CAM_01,2026-06-03 14:55:23,57,"(601, 43, 703, 420)",0.8845700621604919
CAM_01,2026-06-03 14:55:23,53,"(731, 73, 864, 488)",0.8810329437255859
CAM_01,2026-06-03 14:55:23,57,"(604, 46, 704, 426)",0.868115246295929
CAM_01,2026-06-03 14:55:23,53,"(732, 72, 864, 488)",0.8762992024421692
CAM_01,2026-06-03 14:55:23,57,"(607, 49, 704, 427)",0.8621059060096741
CAM_01,2026-06-03 14:55:24,53,"(733, 73, 864, 488)",0.8735519051551819
CAM_01,2026-06-03 14:55:24,57,"(610, 50, 706, 427)",0.8607012033462524
CAM_01,2026-06-03 14:55:24,53,"(733, 76, 865, 489)",0.8764015436172485
CAM_01,2026-06-03 14:55:24,57,"(614, 53, 716, 429)",0.865655779838562
CAM_01,2026-06-03 14:55:24,53,"(735, 77, 865, 488)",0.8764180541038513
CAM_01,2026-06-03 14:55:24,57,"(617, 54, 733, 431)",0.8468599915504456
CAM_01,2026-06-03 14:55:24,53,"(738, 77, 865, 488)",0.8785906434059143
CAM_01,2026-06-03 14:55:24,57,"(622, 53, 745, 430)",0.8490375280380249
CAM_01,2026-06-03 14:55:24,53,"(741, 78, 867, 489)",0.8857642412185669
CAM_01,2026-06-03 14:55:24,57,"(626, 55, 750, 430)",0.8596335649490356
CAM_01,2026-06-03 14:55:25,53,"(743, 79, 874, 488)",0.8948619961738586
CAM_01,2026-06-03 14:55:25,57,"(630, 54, 750, 430)",0.843890905380249
CAM_01,2026-06-03 14:55:25,53,"(746, 81, 881, 488)",0.8545652031898499
CAM_01,2026-06-03 14:55:25,57,"(632, 55, 752, 430)",0.872633159160614
CAM_01,2026-06-03 14:55:25,53,"(747, 82, 889, 485)",0.8622404336929321
CAM_01,2026-06-03 14:55:25,57,"(634, 52, 753, 430)",0.8401315212249756
CAM_01,2026-06-03 14:55:25,53,"(745, 81, 893, 488)",0.8581659197807312
CAM_01,2026-06-03 14:55:25,57,"(647, 45, 755, 420)",0.8255689144134521
CAM_01,2026-06-03 14:55:25,53,"(747, 82, 896, 486)",0.8483951687812805
CAM_01,2026-06-03 14:55:25,57,"(659, 43, 757, 419)",0.8410211205482483
CAM_01,2026-06-03 14:55:26,53,"(747, 83, 904, 477)",0.8770049214363098
CAM_01,2026-06-03 14:55:26,57,"(682, 43, 765, 422)",0.8627011775970459
CAM_01,2026-06-03 14:55:26,53,"(752, 83, 919, 485)",0.8709765672683716
CAM_01,2026-06-03 14:55:26,57,"(692, 41, 770, 420)",0.8266799449920654
CAM_01,2026-06-03 14:55:26,53,"(766, 82, 943, 508)",0.8774543404579163
CAM_01,2026-06-03 14:55:26,57,"(696, 43, 790, 415)",0.7861473560333252
CAM_01,2026-06-03 14:55:26,53,"(768, 82, 969, 518)",0.8888929486274719
CAM_01,2026-06-03 14:55:26,57,"(701, 42, 801, 412)",0.8106523752212524
CAM_01,2026-06-03 14:55:27,53,"(769, 84, 983, 522)",0.891425371170044
CAM_01,2026-06-03 14:55:27,57,"(702, 45, 803, 410)",0.7847638726234436
CAM_01,2026-06-03 14:55:27,53,"(766, 88, 1000, 524)",0.8831344246864319
CAM_01,2026-06-03 14:55:27,57,"(702, 44, 808, 408)",0.8207318186759949
CAM_01,2026-06-03 14:55:27,53,"(764, 91, 1013, 524)",0.8746281862258911
CAM_01,2026-06-03 14:55:27,57,"(703, 45, 814, 404)",0.7466680407524109
CAM_01,2026-06-03 14:55:27,53,"(731, 92, 1009, 523)",0.7667227387428284
CAM_01,2026-06-03 14:55:27,57,"(703, 46, 822, 396)",0.5411921739578247
CAM_01,2026-06-03 14:55:28,53,"(715, 92, 998, 523)",0.8289754986763
CAM_01,2026-06-03 14:55:28,57,"(735, 47, 830, 289)",0.6240420341491699
CAM_01,2026-06-03 14:55:28,53,"(721, 93, 981, 522)",0.8566222786903381
CAM_01,2026-06-03 14:55:28,57,"(756, 51, 838, 214)",0.6925435662269592
CAM_01,2026-06-03 14:55:28,53,"(727, 131, 975, 522)",0.6497236490249634
CAM_01,2026-06-03 14:55:28,57,"(768, 53, 865, 185)",0.636066734790802
CAM_01,2026-06-03 14:55:28,57,"(773, 53, 875, 180)",0.7164819836616516
CAM_01,2026-06-03 14:55:28,53,"(739, 154, 986, 522)",0.570715606212616
CAM_01,2026-06-03 14:55:28,57,"(777, 51, 878, 179)",0.7405896186828613
CAM_01,2026-06-03 14:55:29,57,"(781, 49, 878, 179)",0.7595369219779968
CAM_01,2026-06-03 14:55:29,57,"(784, 49, 880, 180)",0.7519289255142212
CAM_01,2026-06-03 14:55:29,53,"(755, 116, 968, 522)",0.7791135311126709
CAM_01,2026-06-03 14:55:29,57,"(784, 49, 882, 182)",0.6939458847045898
CAM_01,2026-06-03 14:55:29,53,"(759, 74, 970, 522)",0.9035077691078186
CAM_01,2026-06-03 14:55:29,53,"(761, 59, 966, 522)",0.898917555809021
CAM_01,2026-06-03 14:55:30,53,"(762, 53, 956, 522)",0.8675451278686523
CAM_01,2026-06-03 14:55:30,53,"(763, 49, 949, 522)",0.8891333937644958
CAM_01,2026-06-03 14:55:30,53,"(763, 49, 939, 523)",0.8779087066650391
CAM_01,2026-06-03 14:55:30,53,"(763, 50, 930, 523)",0.8716422319412231
CAM_01,2026-06-03 14:55:31,53,"(763, 81, 921, 523)",0.8787277340888977
CAM_01,2026-06-03 14:55:31,53,"(763, 91, 919, 523)",0.8690893054008484
CAM_01,2026-06-03 14:55:31,53,"(764, 65, 919, 523)",0.871100664138794
CAM_01,2026-06-03 14:55:31,53,"(764, 55, 921, 522)",0.8735586404800415
CAM_01,2026-06-03 14:55:31,53,"(763, 55, 931, 522)",0.8585544228553772
CAM_01,2026-06-03 14:55:32,53,"(763, 53, 937, 522)",0.8561804890632629
CAM_01,2026-06-03 14:55:32,53,"(762, 57, 943, 522)",0.8245751857757568
CAM_01,2026-06-03 14:55:32,53,"(761, 86, 948, 522)",0.7939316034317017
CAM_01,2026-06-03 14:55:32,53,"(760, 111, 951, 522)",0.7706285119056702
CAM_01,2026-06-03 14:55:33,53,"(759, 123, 955, 522)",0.7687246799468994
CAM_01,2026-06-03 14:55:33,53,"(758, 115, 965, 522)",0.8015466332435608
CAM_01,2026-06-03 14:55:33,53,"(758, 87, 973, 521)",0.8593440651893616
CAM_01,2026-06-03 14:55:33,53,"(759, 70, 976, 521)",0.8735595345497131
CAM_01,2026-06-03 14:55:33,53,"(760, 64, 982, 521)",0.8965786695480347
CAM_01,2026-06-03 14:55:34,53,"(761, 76, 981, 521)",0.8900338411331177
CAM_01,2026-06-03 14:55:34,53,"(765, 92, 981, 521)",0.8882889151573181
CAM_01,2026-06-03 14:55:34,53,"(768, 99, 985, 521)",0.8860419392585754
CAM_01,2026-06-03 14:55:34,53,"(768, 98, 987, 522)",0.8863564133644104
CAM_01,2026-06-03 14:55:34,53,"(766, 81, 982, 521)",0.8815658092498779
CAM_01,2026-06-03 14:55:35,53,"(767, 69, 970, 522)",0.8690558075904846
CAM_01,2026-06-03 14:55:35,53,"(775, 64, 960, 513)",0.8449914455413818
CAM_01,2026-06-03 14:55:35,53,"(794, 65, 958, 521)",0.829706072807312
CAM_01,2026-06-03 14:55:35,53,"(803, 61, 955, 527)",0.8572179675102234
CAM_01,2026-06-03 14:55:35,53,"(806, 62, 951, 533)",0.8627228736877441
CAM_01,2026-06-03 14:55:36,53,"(806, 68, 950, 535)",0.8453475832939148
CAM_01,2026-06-03 14:55:36,53,"(804, 64, 954, 537)",0.855979859828949
CAM_01,2026-06-03 14:55:36,53,"(802, 62, 957, 538)",0.8633215427398682
CAM_01,2026-06-03 14:55:36,53,"(793, 61, 958, 537)",0.8602665662765503
CAM_01,2026-06-03 14:55:36,53,"(782, 58, 958, 537)",0.835844099521637
CAM_01,2026-06-03 14:55:37,53,"(769, 53, 956, 537)",0.7972705364227295
CAM_01,2026-06-03 14:55:37,53,"(762, 53, 956, 537)",0.7681218981742859
CAM_01,2026-06-03 14:55:37,53,"(759, 49, 958, 537)",0.8266786932945251
CAM_01,2026-06-03 14:55:37,53,"(789, 48, 958, 537)",0.751537561416626
CAM_01,2026-06-03 14:55:37,53,"(803, 59, 957, 537)",0.8233658671379089
CAM_01,2026-06-03 14:55:38,53,"(808, 56, 957, 537)",0.8326376676559448
CAM_01,2026-06-03 14:55:38,53,"(810, 65, 957, 536)",0.8280043601989746
CAM_01,2026-06-03 14:55:38,53,"(796, 52, 958, 536)",0.7712382674217224
CAM_01,2026-06-03 14:55:38,53,"(804, 53, 958, 536)",0.7779757380485535
CAM_01,2026-06-03 14:55:38,53,"(807, 63, 958, 536)",0.8076174855232239
CAM_01,2026-06-03 14:55:39,53,"(806, 48, 960, 536)",0.7834745049476624
CAM_01,2026-06-03 14:55:39,53,"(801, 50, 959, 536)",0.8141505718231201
CAM_01,2026-06-03 14:55:39,53,"(801, 53, 959, 537)",0.8540982604026794
CAM_01,2026-06-03 14:55:39,53,"(801, 54, 959, 537)",0.8393227458000183
CAM_01,2026-06-03 14:55:40,53,"(768, 54, 959, 536)",0.8233697414398193
CAM_01,2026-06-03 14:55:40,53,"(792, 59, 959, 539)",0.7653892040252686
CAM_01,2026-06-03 14:55:40,53,"(803, 59, 959, 540)",0.8319168090820312
CAM_01,2026-06-03 14:55:40,53,"(810, 65, 960, 541)",0.8339738249778748
CAM_01,2026-06-03 14:55:40,53,"(812, 64, 961, 541)",0.8452237844467163
CAM_01,2026-06-03 14:55:41,53,"(812, 63, 962, 541)",0.8476340770721436
CAM_01,2026-06-03 14:55:41,53,"(813, 61, 962, 541)",0.8516665697097778
CAM_01,2026-06-03 14:55:41,53,"(813, 64, 962, 541)",0.8421372771263123
CAM_01,2026-06-03 14:55:41,53,"(812, 51, 962, 541)",0.8384784460067749
CAM_01,2026-06-03 14:55:42,53,"(810, 63, 962, 541)",0.8614370226860046
CAM_01,2026-06-03 14:55:42,53,"(809, 66, 962, 542)",0.8473930358886719
CAM_01,2026-06-03 14:55:42,53,"(781, 69, 951, 527)",0.8059601187705994
CAM_01,2026-06-03 14:55:42,53,"(746, 76, 902, 502)",0.8809925317764282
CAM_01,2026-06-03 14:55:43,53,"(766, 70, 886, 455)",0.8647964000701904
CAM_01,2026-06-03 14:55:43,53,"(773, 66, 875, 455)",0.7708563208580017
CAM_01,2026-06-03 14:55:43,86,"(562, 167, 800, 676)",0.9205847978591919
CAM_01,2026-06-03 14:55:43,53,"(775, 63, 866, 455)",0.7831398248672485
CAM_01,2026-06-03 14:55:43,86,"(564, 177, 809, 704)",0.9188361167907715
CAM_01,2026-06-03 14:55:43,53,"(775, 58, 861, 452)",0.6087073087692261
CAM_01,2026-06-03 14:55:43,86,"(561, 189, 815, 715)",0.9294351935386658
CAM_01,2026-06-03 14:55:43,53,"(774, 57, 855, 454)",0.7762060165405273
CAM_01,2026-06-03 14:55:43,86,"(558, 204, 819, 718)",0.9058369398117065
CAM_01,2026-06-03 14:55:44,53,"(770, 55, 850, 452)",0.7946348190307617
CAM_01,2026-06-03 14:55:44,86,"(559, 212, 821, 717)",0.918150007724762
CAM_01,2026-06-03 14:55:44,53,"(767, 52, 840, 418)",0.788427472114563
CAM_01,2026-06-03 14:55:44,86,"(563, 223, 826, 717)",0.9029167890548706
CAM_01,2026-06-03 14:55:44,53,"(762, 49, 846, 344)",0.7080124020576477
CAM_01,2026-06-03 14:55:44,86,"(563, 235, 836, 716)",0.9174975156784058
CAM_01,2026-06-03 14:55:44,86,"(553, 399, 825, 719)",0.5219886302947998
CAM_01,2026-06-03 14:55:45,86,"(560, 345, 761, 715)",0.8070467710494995
CAM_01,2026-06-03 14:55:45,86,"(612, 234, 886, 715)",0.9193289279937744
CAM_01,2026-06-03 14:55:45,90,"(639, 0, 723, 279)",0.8167535662651062
CAM_01,2026-06-03 14:55:45,86,"(668, 175, 914, 656)",0.7711095213890076
CAM_01,2026-06-03 14:55:45,86,"(700, 145, 933, 619)",0.8266660571098328
CAM_01,2026-06-03 14:55:45,86,"(718, 131, 941, 604)",0.8795937299728394
CAM_01,2026-06-03 14:55:46,86,"(731, 126, 946, 600)",0.8915072679519653
CAM_01,2026-06-03 14:55:46,93,"(728, 8, 807, 228)",0.7652255296707153
CAM_01,2026-06-03 14:55:46,86,"(738, 123, 972, 597)",0.9062386751174927
CAM_01,2026-06-03 14:55:46,86,"(749, 117, 974, 556)",0.8720111846923828
CAM_01,2026-06-03 14:55:46,93,"(729, 7, 806, 237)",0.5819350481033325
CAM_01,2026-06-03 14:55:46,86,"(757, 114, 960, 536)",0.8872016668319702
CAM_01,2026-06-03 14:55:46,93,"(726, 1, 800, 232)",0.697090208530426
CAM_01,2026-06-03 14:55:47,86,"(773, 107, 967, 532)",0.8907701373100281
CAM_01,2026-06-03 14:55:47,93,"(720, 0, 796, 224)",0.8800899982452393
CAM_01,2026-06-03 14:55:47,86,"(782, 105, 962, 530)",0.8997831344604492
CAM_01,2026-06-03 14:55:47,93,"(716, 0, 793, 219)",0.886870265007019
CAM_01,2026-06-03 14:55:47,86,"(788, 102, 950, 526)",0.8928694128990173
CAM_01,2026-06-03 14:55:47,93,"(714, 0, 789, 217)",0.8695485591888428
CAM_01,2026-06-03 14:55:47,86,"(794, 102, 944, 528)",0.8975521922111511
CAM_01,2026-06-03 14:55:47,93,"(712, 0, 786, 216)",0.8428574800491333
CAM_01,2026-06-03 14:55:47,86,"(801, 98, 945, 527)",0.9027507305145264
CAM_01,2026-06-03 14:55:47,93,"(710, 0, 783, 213)",0.8342251777648926
CAM_01,2026-06-03 14:55:48,86,"(803, 95, 947, 530)",0.8987141847610474
CAM_01,2026-06-03 14:55:48,93,"(708, 0, 778, 208)",0.8422058820724487
CAM_01,2026-06-03 14:55:48,86,"(804, 88, 950, 529)",0.897681474685669
CAM_01,2026-06-03 14:55:48,93,"(704, 0, 771, 194)",0.8465481400489807
CAM_01,2026-06-03 14:55:48,86,"(805, 85, 952, 528)",0.8894973993301392
CAM_01,2026-06-03 14:55:48,93,"(701, 1, 768, 187)",0.8383446931838989
CAM_01,2026-06-03 14:55:48,86,"(807, 82, 957, 519)",0.8883294463157654
CAM_01,2026-06-03 14:55:48,93,"(695, 1, 761, 184)",0.8496910333633423
CAM_01,2026-06-03 14:55:48,86,"(809, 81, 960, 506)",0.8792971968650818
CAM_01,2026-06-03 14:55:48,93,"(679, 1, 755, 182)",0.8658813238143921
CAM_01,2026-06-03 14:55:49,86,"(812, 80, 963, 493)",0.8942825198173523
CAM_01,2026-06-03 14:55:49,93,"(672, 1, 749, 179)",0.8180220127105713
CAM_01,2026-06-03 14:55:49,86,"(816, 79, 963, 486)",0.881378710269928
CAM_01,2026-06-03 14:55:49,93,"(668, 1, 745, 177)",0.818813145160675
CAM_01,2026-06-03 14:55:49,86,"(817, 79, 966, 484)",0.8828350901603699
CAM_01,2026-06-03 14:55:49,93,"(666, 0, 740, 170)",0.603295087814331
CAM_01,2026-06-03 14:55:49,86,"(817, 79, 969, 483)",0.9009487628936768
CAM_01,2026-06-03 14:55:49,93,"(662, 0, 728, 164)",0.6724534630775452
CAM_01,2026-06-03 14:55:49,86,"(816, 80, 972, 483)",0.9001253843307495
CAM_01,2026-06-03 14:55:49,93,"(649, 0, 714, 160)",0.8151367902755737
CAM_01,2026-06-03 14:55:50,86,"(817, 80, 974, 483)",0.8946221470832825
CAM_01,2026-06-03 14:55:50,93,"(639, 0, 705, 159)",0.8601773977279663
CAM_01,2026-06-03 14:55:50,86,"(816, 81, 976, 484)",0.8974093794822693
CAM_01,2026-06-03 14:55:50,93,"(631, 0, 697, 159)",0.7853924036026001
CAM_01,2026-06-03 14:55:50,86,"(816, 81, 979, 484)",0.8957207798957825
CAM_01,2026-06-03 14:55:50,93,"(625, 0, 692, 158)",0.8167147040367126
CAM_01,2026-06-03 14:55:50,86,"(816, 82, 981, 484)",0.892741322517395
CAM_01,2026-06-03 14:55:50,93,"(623, 0, 685, 155)",0.7170101404190063
CAM_01,2026-06-03 14:55:51,86,"(816, 83, 982, 484)",0.8900813460350037
CAM_01,2026-06-03 14:55:51,86,"(814, 83, 983, 484)",0.8916056156158447
CAM_01,2026-06-03 14:55:51,93,"(615, 0, 666, 144)",0.58817058801651
CAM_01,2026-06-03 14:55:51,86,"(814, 87, 984, 485)",0.8827537894248962
CAM_01,2026-06-03 14:55:51,93,"(588, 0, 656, 139)",0.7138484120368958
CAM_01,2026-06-03 14:55:51,86,"(814, 89, 984, 486)",0.8829604387283325
CAM_01,2026-06-03 14:55:51,93,"(579, 0, 651, 139)",0.8611354231834412
CAM_01,2026-06-03 14:55:52,86,"(815, 89, 985, 486)",0.8828129768371582
CAM_01,2026-06-03 14:55:52,93,"(576, 1, 648, 137)",0.849027156829834
CAM_01,2026-06-03 14:55:52,86,"(815, 89, 985, 486)",0.8816528916358948
CAM_01,2026-06-03 14:55:52,93,"(574, 1, 644, 135)",0.747079610824585
CAM_01,2026-06-03 14:55:52,86,"(816, 89, 986, 486)",0.8818607926368713
CAM_01,2026-06-03 14:55:52,93,"(568, 1, 628, 132)",0.7752277255058289
CAM_01,2026-06-03 14:55:52,86,"(817, 90, 985, 486)",0.8801358342170715
CAM_01,2026-06-03 14:55:52,93,"(558, 1, 613, 131)",0.7683167457580566
CAM_01,2026-06-03 14:55:52,86,"(817, 90, 986, 486)",0.8770788908004761
CAM_01,2026-06-03 14:55:52,93,"(549, 1, 604, 130)",0.5436422228813171
CAM_01,2026-06-03 14:55:53,86,"(816, 90, 986, 486)",0.8733582496643066
CAM_01,2026-06-03 14:55:53,86,"(816, 90, 987, 486)",0.875347375869751
CAM_01,2026-06-03 14:55:53,86,"(815, 89, 988, 486)",0.8803242444992065
CAM_01,2026-06-03 14:55:53,86,"(811, 89, 988, 485)",0.9026511311531067
CAM_01,2026-06-03 14:55:53,86,"(811, 89, 989, 485)",0.8945780992507935
CAM_01,2026-06-03 14:55:54,86,"(811, 89, 989, 485)",0.8994665741920471
CAM_01,2026-06-03 14:55:54,93,"(519, 0, 564, 116)",0.6202205419540405
CAM_01,2026-06-03 14:55:54,86,"(811, 89, 989, 485)",0.8977704048156738
CAM_01,2026-06-03 14:55:54,86,"(812, 90, 989, 485)",0.8949185609817505
CAM_01,2026-06-03 14:55:54,86,"(813, 90, 989, 485)",0.8929948806762695
CAM_01,2026-06-03 14:55:54,86,"(814, 89, 989, 486)",0.8861826062202454
CAM_01,2026-06-03 14:55:55,86,"(814, 89, 989, 487)",0.8871379494667053
CAM_01,2026-06-03 14:55:55,86,"(814, 90, 990, 486)",0.8856616616249084
CAM_01,2026-06-03 14:55:55,86,"(814, 92, 990, 486)",0.8875818252563477
CAM_01,2026-06-03 14:55:55,86,"(819, 92, 990, 485)",0.891904890537262
CAM_01,2026-06-03 14:55:55,86,"(821, 93, 990, 485)",0.8927615284919739
CAM_01,2026-06-03 14:55:56,86,"(822, 93, 990, 485)",0.8913462162017822
CAM_01,2026-06-03 14:55:56,86,"(822, 93, 990, 485)",0.8939991593360901
CAM_01,2026-06-03 14:55:56,86,"(822, 93, 990, 485)",0.8925930261611938
CAM_01,2026-06-03 14:55:56,86,"(823, 93, 990, 485)",0.8932844400405884
CAM_01,2026-06-03 14:55:56,86,"(823, 92, 989, 485)",0.8937240242958069
CAM_01,2026-06-03 14:55:57,86,"(823, 92, 989, 485)",0.898668646812439
CAM_01,2026-06-03 14:55:57,86,"(823, 92, 989, 485)",0.8975110054016113
CAM_01,2026-06-03 14:55:57,86,"(824, 92, 989, 485)",0.8955576419830322
CAM_01,2026-06-03 14:55:57,86,"(823, 93, 989, 486)",0.8895725607872009
CAM_01,2026-06-03 14:55:57,86,"(823, 93, 989, 486)",0.8893237113952637
CAM_01,2026-06-03 14:55:58,86,"(823, 94, 989, 486)",0.8898545503616333
CAM_01,2026-06-03 14:55:58,86,"(823, 93, 989, 487)",0.8907057642936707
CAM_01,2026-06-03 14:55:58,86,"(822, 93, 989, 487)",0.8906429409980774
CAM_01,2026-06-03 14:55:58,86,"(822, 93, 989, 487)",0.8901764750480652
CAM_01,2026-06-03 14:55:59,86,"(822, 93, 989, 487)",0.8911319971084595
CAM_01,2026-06-03 14:55:59,86,"(823, 94, 989, 486)",0.8911194205284119
CAM_01,2026-06-03 14:55:59,86,"(824, 94, 989, 486)",0.8938137292861938
CAM_01,2026-06-03 14:55:59,86,"(824, 94, 989, 486)",0.891179084777832
CAM_01,2026-06-03 14:55:59,86,"(823, 94, 990, 486)",0.890018880367279
CAM_01,2026-06-03 14:55:59,86,"(823, 94, 990, 485)",0.8896500468254089
CAM_01,2026-06-03 14:56:00,86,"(823, 94, 990, 485)",0.8888735175132751
CAM_01,2026-06-03 14:56:00,86,"(821, 93, 990, 486)",0.8897580504417419
CAM_01,2026-06-03 14:56:00,86,"(821, 92, 990, 486)",0.8887032866477966
CAM_01,2026-06-03 14:56:00,86,"(821, 92, 990, 486)",0.8866029381752014
CAM_01,2026-06-03 14:56:01,86,"(820, 92, 990, 486)",0.8877139091491699
CAM_01,2026-06-03 14:56:01,86,"(820, 92, 989, 486)",0.8867033123970032
CAM_01,2026-06-03 14:56:01,86,"(820, 92, 989, 486)",0.886120080947876
CAM_01,2026-06-03 14:56:01,86,"(820, 92, 989, 487)",0.8875889182090759
CAM_01,2026-06-03 14:56:01,86,"(821, 93, 990, 486)",0.8960703015327454
CAM_01,2026-06-03 14:56:02,86,"(822, 93, 990, 486)",0.8956658244132996
CAM_01,2026-06-03 14:56:02,86,"(822, 93, 990, 486)",0.8955667614936829
CAM_01,2026-06-03 14:56:02,86,"(822, 93, 990, 486)",0.8948565125465393
CAM_01,2026-06-03 14:56:02,86,"(822, 93, 990, 486)",0.8941227793693542
CAM_01,2026-06-03 14:56:02,86,"(822, 93, 990, 486)",0.8942660093307495
CAM_01,2026-06-03 14:56:03,86,"(822, 93, 989, 486)",0.8928390145301819
CAM_01,2026-06-03 14:56:03,86,"(822, 92, 989, 486)",0.892813503742218
CAM_01,2026-06-03 14:56:03,86,"(820, 92, 989, 486)",0.892562747001648
CAM_01,2026-06-03 14:56:03,86,"(819, 92, 988, 486)",0.8952779769897461
CAM_01,2026-06-03 14:56:03,86,"(821, 92, 989, 485)",0.8908505439758301
CAM_01,2026-06-03 14:56:04,86,"(821, 92, 989, 485)",0.8883310556411743
CAM_01,2026-06-03 14:56:04,86,"(822, 92, 989, 485)",0.892765998840332
CAM_01,2026-06-03 14:56:04,86,"(822, 92, 989, 485)",0.8897596001625061
CAM_01,2026-06-03 14:56:04,86,"(822, 92, 989, 485)",0.8877313733100891
CAM_01,2026-06-03 14:56:04,86,"(822, 92, 989, 485)",0.8877763748168945
CAM_01,2026-06-03 14:56:04,86,"(823, 92, 989, 485)",0.8884764313697815
CAM_01,2026-06-03 14:56:05,86,"(823, 92, 990, 485)",0.8867607116699219
CAM_01,2026-06-03 14:56:05,86,"(823, 92, 990, 485)",0.8965170383453369
CAM_01,2026-06-03 14:56:05,86,"(823, 92, 990, 485)",0.8979328274726868
CAM_01,2026-06-03 14:56:05,86,"(822, 94, 987, 486)",0.8893843293190002
CAM_01,2026-06-03 14:56:05,86,"(819, 94, 984, 486)",0.8900375366210938
CAM_01,2026-06-03 14:56:06,86,"(816, 94, 978, 486)",0.8789973855018616
CAM_01,2026-06-03 14:56:06,86,"(813, 94, 974, 486)",0.8609563112258911
CAM_01,2026-06-03 14:56:06,86,"(819, 96, 967, 486)",0.7959376573562622
CAM_01,2026-06-03 14:56:06,86,"(814, 95, 959, 487)",0.8194171190261841
CAM_01,2026-06-03 14:56:07,86,"(809, 95, 944, 487)",0.8183873891830444
CAM_01,2026-06-03 14:56:07,86,"(772, 91, 937, 486)",0.8696895837783813
CAM_01,2026-06-03 14:56:07,86,"(759, 88, 923, 488)",0.8862187266349792
CAM_01,2026-06-03 14:56:07,86,"(756, 84, 911, 488)",0.8654289245605469
CAM_01,2026-06-03 14:56:07,86,"(754, 80, 900, 486)",0.8700613975524902
CAM_01,2026-06-03 14:56:08,127,"(550, 0, 613, 149)",0.6543186902999878
CAM_01,2026-06-03 14:56:09,127,"(553, 0, 615, 142)",0.5220161080360413
CAM_01,2026-06-03 14:56:09,127,"(563, 0, 618, 134)",0.538616418838501
CAM_01,2026-06-03 14:56:09,127,"(570, 0, 617, 130)",0.6028861403465271
CAM_01,2026-06-03 14:56:10,127,"(575, 0, 621, 128)",0.7227479815483093
CAM_01,2026-06-03 14:56:10,127,"(578, 0, 622, 129)",0.7134843468666077
CAM_01,2026-06-03 14:56:10,127,"(582, 0, 625, 127)",0.7626936435699463
CAM_01,2026-06-03 14:56:10,127,"(584, 0, 627, 122)",0.5810098648071289
CAM_01,2026-06-03 14:56:12,127,"(598, 2, 637, 112)",0.5731580257415771
CAM_01,2026-06-03 14:56:13,127,"(598, 2, 637, 110)",0.591035008430481
CAM_01,2026-06-03 14:56:13,127,"(599, 2, 639, 107)",0.6593248248100281
CAM_01,2026-06-03 14:56:13,127,"(599, 2, 641, 108)",0.6563287973403931
CAM_01,2026-06-03 14:56:13,127,"(602, 3, 641, 107)",0.6009188890457153
CAM_01,2026-06-03 14:56:13,127,"(604, 3, 642, 106)",0.6681062579154968
CAM_01,2026-06-03 14:56:14,127,"(607, 3, 644, 105)",0.537142276763916
CAM_01,2026-06-03 14:56:14,127,"(609, 3, 646, 104)",0.6779663562774658
CAM_01,2026-06-03 14:56:15,139,"(515, 0, 583, 120)",0.6019137501716614
CAM_01,2026-06-03 14:56:17,139,"(512, 1, 563, 124)",0.5627689957618713
CAM_01,2026-06-03 14:56:17,139,"(515, 1, 564, 124)",0.5323605537414551
CAM_01,2026-06-03 14:56:18,139,"(531, 0, 571, 127)",0.7178152799606323
CAM_01,2026-06-03 14:56:18,139,"(533, 0, 572, 127)",0.6869634389877319
CAM_01,2026-06-03 14:56:18,139,"(534, 0, 571, 127)",0.5958563089370728
CAM_01,2026-06-03 14:56:19,139,"(526, 0, 579, 128)",0.6266106367111206
CAM_01,2026-06-03 14:56:19,139,"(528, 0, 576, 128)",0.6747599244117737
CAM_01,2026-06-03 14:56:19,139,"(530, 0, 575, 128)",0.5866171717643738
CAM_01,2026-06-03 14:56:20,139,"(525, 0, 579, 128)",0.6491979956626892
CAM_01,2026-06-03 14:56:20,139,"(528, 0, 580, 126)",0.7535762786865234
CAM_01,2026-06-03 14:56:20,139,"(530, 0, 581, 127)",0.7103843688964844
CAM_01,2026-06-03 14:56:22,139,"(558, 1, 603, 128)",0.6021654009819031
CAM_01,2026-06-03 14:56:22,139,"(560, 0, 615, 129)",0.7441185712814331
CAM_01,2026-06-03 14:56:23,139,"(562, 1, 620, 137)",0.6364156007766724
CAM_01,2026-06-03 14:56:23,139,"(560, 1, 617, 139)",0.6560949087142944
CAM_01,2026-06-03 14:56:23,139,"(559, 1, 619, 139)",0.7601243257522583
CAM_01,2026-06-03 14:56:24,139,"(557, 0, 619, 141)",0.7376996278762817
CAM_01,2026-06-03 14:56:24,139,"(555, 0, 620, 147)",0.7980450987815857
CAM_01,2026-06-03 14:56:24,139,"(555, 0, 619, 153)",0.8033702969551086
CAM_01,2026-06-03 14:56:24,139,"(555, 0, 620, 159)",0.8103525042533875
CAM_01,2026-06-03 14:56:24,139,"(556, 0, 622, 162)",0.8234875202178955
CAM_01,2026-06-03 14:56:25,139,"(556, 0, 624, 162)",0.8442299365997314
CAM_01,2026-06-03 14:56:25,139,"(558, 0, 626, 168)",0.8615631461143494
CAM_01,2026-06-03 14:56:25,139,"(559, 0, 627, 177)",0.8344284892082214
CAM_01,2026-06-03 14:56:25,139,"(559, 0, 627, 183)",0.8112889528274536
CAM_01,2026-06-03 14:56:25,139,"(557, 0, 627, 187)",0.8180418610572815
CAM_01,2026-06-03 14:56:26,139,"(555, 0, 626, 187)",0.8128002285957336
CAM_01,2026-06-03 14:56:26,139,"(553, 0, 626, 189)",0.8311121463775635
CAM_01,2026-06-03 14:56:26,139,"(552, 0, 627, 199)",0.8525083661079407
CAM_01,2026-06-03 14:56:26,139,"(552, 0, 630, 209)",0.8475146293640137
CAM_01,2026-06-03 14:56:27,139,"(553, 0, 633, 219)",0.8494595885276794
CAM_01,2026-06-03 14:56:27,139,"(557, 0, 635, 227)",0.8483719229698181
CAM_01,2026-06-03 14:56:27,139,"(560, 0, 639, 227)",0.8529514670372009
CAM_01,2026-06-03 14:56:27,139,"(563, 0, 642, 228)",0.8596199154853821
CAM_01,2026-06-03 14:56:27,139,"(565, 0, 645, 236)",0.8833433389663696
CAM_01,2026-06-03 14:56:28,139,"(566, 0, 647, 250)",0.8623046278953552
CAM_01,2026-06-03 14:56:28,139,"(566, 0, 649, 265)",0.8498157858848572
CAM_01,2026-06-03 14:56:29,179,"(581, 3, 674, 306)",0.8489962816238403
CAM_01,2026-06-03 14:56:29,179,"(579, 2, 678, 321)",0.8876768350601196
CAM_01,2026-06-03 14:56:30,179,"(587, 2, 689, 328)",0.8705700039863586
CAM_01,2026-06-03 14:56:30,179,"(592, 9, 698, 364)",0.8782148361206055
CAM_01,2026-06-03 14:56:30,179,"(594, 15, 702, 383)",0.8749080896377563
CAM_01,2026-06-03 14:56:30,179,"(594, 21, 705, 396)",0.8814309239387512
CAM_01,2026-06-03 14:56:30,179,"(595, 24, 709, 399)",0.8746399879455566
CAM_01,2026-06-03 14:56:31,179,"(594, 26, 713, 400)",0.8778640627861023
CAM_01,2026-06-03 14:56:31,179,"(595, 28, 718, 396)",0.8822131156921387
CAM_01,2026-06-03 14:56:31,179,"(598, 36, 728, 425)",0.8493289351463318
CAM_01,2026-06-03 14:56:31,179,"(604, 44, 736, 450)",0.8690148591995239
CAM_01,2026-06-03 14:56:31,179,"(614, 54, 750, 462)",0.8700835704803467
CAM_01,2026-06-03 14:56:32,179,"(620, 59, 764, 466)",0.8794724345207214
CAM_01,2026-06-03 14:56:32,179,"(630, 63, 773, 475)",0.8950901627540588
CAM_01,2026-06-03 14:56:32,179,"(637, 73, 781, 532)",0.8732941746711731
CAM_01,2026-06-03 14:56:32,179,"(641, 84, 788, 562)",0.9034433364868164
CAM_01,2026-06-03 14:56:33,179,"(642, 97, 793, 579)",0.901874303817749
CAM_01,2026-06-03 14:56:33,179,"(642, 105, 797, 585)",0.9037520289421082
CAM_01,2026-06-03 14:56:33,179,"(646, 111, 805, 586)",0.903191328048706
CAM_01,2026-06-03 14:56:33,179,"(648, 116, 811, 584)",0.898583710193634
CAM_01,2026-06-03 14:56:35,193,"(712, 2, 826, 294)",0.8814166784286499
CAM_01,2026-06-03 14:56:35,193,"(713, 2, 815, 294)",0.860797107219696
CAM_01,2026-06-03 14:56:35,193,"(711, 1, 810, 295)",0.8752447366714478
CAM_01,2026-06-03 14:56:35,193,"(706, 0, 804, 310)",0.8858339190483093
CAM_01,2026-06-03 14:56:36,193,"(699, 5, 800, 342)",0.8558918237686157
CAM_01,2026-06-03 14:56:36,193,"(697, 6, 799, 353)",0.8545116782188416
CAM_01,2026-06-03 14:56:36,193,"(692, 14, 803, 362)",0.8678629398345947
CAM_01,2026-06-03 14:56:36,193,"(693, 49, 843, 430)",0.8794919848442078
CAM_01,2026-06-03 14:56:37,197,"(810, 90, 994, 513)",0.9046216607093811
CAM_01,2026-06-03 14:56:37,197,"(802, 100, 999, 498)",0.9166631102561951
CAM_01,2026-06-03 14:56:37,197,"(801, 95, 999, 496)",0.9233420491218567
CAM_01,2026-06-03 14:56:38,197,"(800, 95, 999, 496)",0.9237825870513916
CAM_01,2026-06-03 14:56:38,197,"(800, 94, 998, 495)",0.9277603030204773
CAM_01,2026-06-03 14:56:38,197,"(800, 93, 998, 496)",0.9273512363433838
CAM_01,2026-06-03 14:56:38,197,"(800, 96, 999, 496)",0.9271934032440186
CAM_01,2026-06-03 14:56:38,197,"(801, 96, 999, 496)",0.9246606230735779
CAM_01,2026-06-03 14:56:39,197,"(801, 95, 999, 496)",0.9246065020561218
CAM_01,2026-06-03 14:56:39,197,"(801, 94, 998, 496)",0.925148069858551
CAM_01,2026-06-03 14:56:39,197,"(801, 94, 998, 497)",0.9255189895629883
CAM_01,2026-06-03 14:56:39,197,"(800, 94, 996, 495)",0.9218900799751282
CAM_01,2026-06-03 14:56:40,197,"(800, 94, 996, 494)",0.9210652112960815
CAM_01,2026-06-03 14:56:40,197,"(800, 93, 995, 494)",0.9220695495605469
CAM_01,2026-06-03 14:56:40,197,"(800, 93, 995, 494)",0.9221161007881165
CAM_01,2026-06-03 14:56:40,197,"(800, 93, 995, 494)",0.9227830171585083
CAM_01,2026-06-03 14:56:41,197,"(800, 93, 995, 494)",0.922387421131134
CAM_01,2026-06-03 14:56:41,197,"(800, 93, 995, 494)",0.9209159016609192
CAM_01,2026-06-03 14:56:41,197,"(800, 93, 995, 494)",0.9205087423324585
CAM_01,2026-06-03 14:56:41,197,"(801, 96, 997, 495)",0.9229555130004883
CAM_01,2026-06-03 14:56:42,197,"(801, 97, 997, 496)",0.9225425124168396
CAM_01,2026-06-03 14:56:42,197,"(801, 98, 998, 496)",0.9226428866386414
CAM_01,2026-06-03 14:56:42,197,"(801, 97, 998, 496)",0.9205207228660583
CAM_01,2026-06-03 14:56:42,197,"(801, 96, 998, 496)",0.9251758456230164
CAM_01,2026-06-03 14:56:42,197,"(801, 98, 998, 496)",0.927288293838501
CAM_01,2026-06-03 14:56:43,197,"(801, 96, 999, 496)",0.9171038866043091
CAM_01,2026-06-03 14:56:43,197,"(802, 97, 999, 496)",0.9167358875274658
CAM_01,2026-06-03 14:56:43,197,"(802, 97, 998, 496)",0.9191185832023621
CAM_01,2026-06-03 14:56:43,197,"(802, 98, 998, 496)",0.9194709062576294
CAM_01,2026-06-03 14:56:44,197,"(801, 97, 999, 495)",0.9152372479438782
CAM_01,2026-06-03 14:56:44,197,"(801, 97, 998, 495)",0.91655033826828
CAM_01,2026-06-03 14:56:44,197,"(801, 97, 999, 495)",0.9150227904319763
CAM_01,2026-06-03 14:56:44,197,"(801, 96, 997, 494)",0.920590877532959
CAM_01,2026-06-03 14:56:44,197,"(801, 97, 996, 494)",0.9217379689216614
CAM_01,2026-06-03 14:56:45,197,"(801, 97, 996, 493)",0.9206952452659607
CAM_01,2026-06-03 14:56:45,197,"(801, 97, 996, 493)",0.9224175214767456
CAM_01,2026-06-03 14:56:45,197,"(801, 96, 995, 493)",0.9220957159996033
CAM_01,2026-06-03 14:56:45,197,"(801, 96, 995, 493)",0.9203360080718994
CAM_01,2026-06-03 14:56:46,197,"(801, 99, 995, 494)",0.9217122197151184
CAM_01,2026-06-03 14:56:46,197,"(801, 99, 994, 494)",0.9229477047920227
CAM_01,2026-06-03 14:56:46,197,"(801, 98, 994, 494)",0.9225930571556091
CAM_01,2026-06-03 14:56:46,197,"(801, 98, 994, 494)",0.9206013679504395
CAM_01,2026-06-03 14:56:46,197,"(801, 97, 994, 494)",0.9217067360877991
CAM_01,2026-06-03 14:56:47,197,"(801, 97, 994, 493)",0.9199962615966797
CAM_01,2026-06-03 14:56:47,197,"(801, 97, 994, 493)",0.9205684065818787
CAM_01,2026-06-03 14:56:47,197,"(801, 98, 994, 493)",0.9181219935417175
CAM_01,2026-06-03 14:56:47,197,"(801, 97, 994, 493)",0.9182637929916382
CAM_01,2026-06-03 14:56:47,197,"(801, 97, 994, 493)",0.9212921261787415
CAM_01,2026-06-03 14:56:48,197,"(801, 97, 994, 494)",0.9205933809280396
CAM_01,2026-06-03 14:56:48,197,"(801, 97, 994, 494)",0.9210801124572754
CAM_01,2026-06-03 14:56:48,197,"(801, 97, 994, 494)",0.9215987920761108
CAM_01,2026-06-03 14:56:48,197,"(801, 97, 994, 494)",0.9209718108177185
CAM_01,2026-06-03 14:56:49,197,"(801, 96, 995, 494)",0.9198099374771118
CAM_01,2026-06-03 14:56:49,197,"(801, 96, 994, 494)",0.9192705750465393
CAM_01,2026-06-03 14:56:49,197,"(801, 95, 994, 494)",0.9184014201164246
CAM_01,2026-06-03 14:56:49,197,"(801, 95, 994, 494)",0.9173058867454529
CAM_01,2026-06-03 14:56:49,197,"(801, 95, 993, 493)",0.9137728810310364
CAM_01,2026-06-03 14:56:50,197,"(801, 95, 993, 493)",0.9136034250259399
CAM_01,2026-06-03 14:56:50,197,"(801, 96, 993, 492)",0.9113454818725586
CAM_01,2026-06-03 14:56:50,197,"(801, 98, 994, 492)",0.9136638045310974
CAM_01,2026-06-03 14:56:50,197,"(789, 99, 996, 493)",0.9120628833770752
CAM_01,2026-06-03 14:56:51,197,"(776, 99, 998, 494)",0.9084397554397583
CAM_01,2026-06-03 14:56:51,197,"(761, 97, 999, 494)",0.8935773372650146
CAM_01,2026-06-03 14:56:51,197,"(754, 100, 1000, 493)",0.867063581943512
CAM_01,2026-06-03 14:56:51,197,"(744, 104, 1001, 494)",0.8881523609161377
CAM_01,2026-06-03 14:56:51,197,"(741, 108, 1002, 495)",0.881039023399353
CAM_01,2026-06-03 14:56:52,197,"(751, 107, 1002, 495)",0.8585112690925598
CAM_01,2026-06-03 14:56:52,197,"(772, 108, 1003, 494)",0.8781595826148987
CAM_01,2026-06-03 14:56:52,197,"(781, 106, 1002, 494)",0.8733883500099182
CAM_01,2026-06-03 14:56:52,197,"(787, 105, 1002, 493)",0.8780266046524048
CAM_01,2026-06-03 14:56:52,197,"(791, 103, 1003, 493)",0.8832609057426453
CAM_01,2026-06-03 14:56:53,197,"(795, 102, 1002, 493)",0.8932640552520752
CAM_01,2026-06-03 14:56:53,197,"(789, 100, 1002, 494)",0.8386657238006592
CAM_01,2026-06-03 14:56:53,197,"(782, 100, 1003, 494)",0.8095828890800476
CAM_01,2026-06-03 14:56:53,197,"(758, 103, 1002, 495)",0.9077624082565308
CAM_01,2026-06-03 14:56:53,197,"(753, 105, 1002, 495)",0.9047549366950989
CAM_01,2026-06-03 14:56:54,197,"(755, 111, 1000, 494)",0.887660562992096
CAM_01,2026-06-03 14:56:54,197,"(757, 113, 1000, 493)",0.8945589065551758
CAM_01,2026-06-03 14:56:54,197,"(762, 109, 1001, 493)",0.915704607963562
CAM_01,2026-06-03 14:56:54,197,"(771, 106, 1001, 493)",0.9130954742431641
CAM_01,2026-06-03 14:56:54,197,"(784, 102, 1000, 493)",0.9189476370811462
CAM_01,2026-06-03 14:56:55,197,"(789, 106, 999, 492)",0.9202604293823242
CAM_01,2026-06-03 14:56:55,197,"(792, 109, 999, 492)",0.9200840592384338
CAM_01,2026-06-03 14:56:55,197,"(793, 111, 1000, 491)",0.9216541647911072
CAM_01,2026-06-03 14:56:55,197,"(794, 107, 998, 491)",0.9214909076690674
CAM_01,2026-06-03 14:56:55,197,"(794, 104, 997, 491)",0.9198111891746521
CAM_01,2026-06-03 14:56:56,197,"(794, 102, 997, 492)",0.9209915995597839
CAM_01,2026-06-03 14:56:56,197,"(794, 101, 997, 493)",0.922028124332428
CAM_01,2026-06-03 14:56:56,197,"(793, 101, 997, 493)",0.9219136834144592
CAM_01,2026-06-03 14:56:56,197,"(793, 106, 997, 493)",0.9235446453094482
CAM_01,2026-06-03 14:56:56,197,"(793, 108, 996, 493)",0.9241307973861694
CAM_01,2026-06-03 14:56:57,197,"(793, 107, 996, 493)",0.9236976504325867
CAM_01,2026-06-03 14:56:57,197,"(793, 108, 996, 493)",0.9237043261528015
CAM_01,2026-06-03 14:56:57,197,"(793, 108, 995, 493)",0.923354983329773
CAM_01,2026-06-03 14:56:57,197,"(793, 110, 995, 493)",0.9232370257377625
CAM_01,2026-06-03 14:56:57,197,"(793, 110, 995, 492)",0.9236274361610413
CAM_01,2026-06-03 14:56:58,197,"(792, 114, 995, 494)",0.9258611798286438
CAM_01,2026-06-03 14:56:58,197,"(792, 116, 995, 494)",0.9268537163734436
CAM_01,2026-06-03 14:56:58,197,"(792, 115, 995, 495)",0.9268267750740051
CAM_01,2026-06-03 14:56:58,197,"(792, 115, 995, 495)",0.9265267252922058
CAM_01,2026-06-03 14:56:58,197,"(792, 116, 995, 495)",0.92771977186203
CAM_01,2026-06-03 14:56:59,197,"(792, 116, 994, 495)",0.9290405511856079
CAM_01,2026-06-03 14:56:59,197,"(792, 116, 994, 495)",0.9289351105690002
CAM_01,2026-06-03 14:56:59,197,"(792, 116, 994, 495)",0.9285938143730164
CAM_01,2026-06-03 14:56:59,197,"(792, 115, 994, 495)",0.9298200607299805
CAM_01,2026-06-03 14:56:59,197,"(792, 114, 994, 495)",0.9292541742324829
CAM_01,2026-06-03 14:57:00,197,"(792, 113, 994, 494)",0.9219094514846802
CAM_01,2026-06-03 14:57:00,197,"(792, 113, 994, 493)",0.9208294749259949
CAM_01,2026-06-03 14:57:00,197,"(793, 114, 995, 493)",0.9211176037788391
CAM_01,2026-06-03 14:57:00,197,"(793, 115, 995, 493)",0.9209833145141602
CAM_01,2026-06-03 14:57:00,197,"(793, 113, 994, 493)",0.9203066229820251
CAM_01,2026-06-03 14:57:01,197,"(793, 112, 994, 493)",0.9206830859184265
CAM_01,2026-06-03 14:57:01,197,"(792, 112, 994, 493)",0.9194595217704773
CAM_01,2026-06-03 14:57:01,197,"(792, 112, 994, 493)",0.9195601940155029
CAM_01,2026-06-03 14:57:01,197,"(792, 113, 994, 493)",0.9200940728187561
CAM_01,2026-06-03 14:57:01,197,"(793, 113, 994, 493)",0.9195631146430969
CAM_01,2026-06-03 14:57:02,197,"(793, 112, 994, 493)",0.9151080846786499
CAM_01,2026-06-03 14:57:02,197,"(793, 111, 993, 493)",0.9162502288818359
CAM_01,2026-06-03 14:57:02,197,"(793, 111, 993, 493)",0.9162763357162476
CAM_01,2026-06-03 14:57:02,197,"(793, 110, 993, 493)",0.91274493932724
CAM_01,2026-06-03 14:57:02,197,"(793, 110, 993, 493)",0.9151332974433899
CAM_01,2026-06-03 14:57:03,197,"(793, 110, 993, 493)",0.9154786467552185
CAM_01,2026-06-03 14:57:03,197,"(793, 109, 994, 493)",0.9167811274528503
CAM_01,2026-06-03 14:57:03,197,"(793, 108, 994, 493)",0.9161359667778015
CAM_01,2026-06-03 14:57:03,197,"(793, 105, 994, 493)",0.916603147983551
CAM_01,2026-06-03 14:57:04,197,"(793, 104, 995, 493)",0.916676938533783
CAM_01,2026-06-03 14:57:04,197,"(793, 108, 995, 493)",0.9209097027778625
CAM_01,2026-06-03 14:57:04,197,"(793, 110, 996, 493)",0.9205925464630127
CAM_01,2026-06-03 14:57:04,197,"(793, 111, 996, 493)",0.9203323125839233
CAM_01,2026-06-03 14:57:04,197,"(793, 111, 996, 493)",0.9209474325180054
CAM_01,2026-06-03 14:57:05,197,"(793, 112, 995, 493)",0.9193518757820129
CAM_01,2026-06-03 14:57:05,197,"(793, 112, 995, 493)",0.9192321300506592
CAM_01,2026-06-03 14:57:05,197,"(793, 111, 995, 493)",0.919499933719635
CAM_01,2026-06-03 14:57:05,197,"(793, 110, 995, 493)",0.9197094440460205
CAM_01,2026-06-03 14:57:05,197,"(793, 111, 995, 493)",0.9201653003692627
CAM_01,2026-06-03 14:57:06,197,"(793, 110, 995, 493)",0.9203871488571167
CAM_01,2026-06-03 14:57:06,197,"(792, 113, 996, 492)",0.9229058623313904
CAM_01,2026-06-03 14:57:06,197,"(798, 103, 996, 493)",0.9215970635414124
CAM_01,2026-06-03 14:57:06,208,"(632, 1, 724, 194)",0.7902393937110901
CAM_01,2026-06-03 14:57:07,208,"(632, 0, 718, 184)",0.8301135897636414
CAM_01,2026-06-03 14:57:07,208,"(632, 0, 716, 172)",0.848871648311615
CAM_01,2026-06-03 14:57:07,208,"(636, 0, 713, 167)",0.8383085131645203
CAM_01,2026-06-03 14:57:07,208,"(639, 0, 710, 164)",0.8247823715209961
CAM_01,2026-06-03 14:57:07,208,"(642, 0, 710, 164)",0.819258987903595
CAM_01,2026-06-03 14:57:08,208,"(647, 1, 711, 162)",0.7916678786277771
CAM_01,2026-06-03 14:57:08,208,"(647, 0, 716, 151)",0.7659719586372375
CAM_01,2026-06-03 14:57:08,208,"(650, 0, 721, 145)",0.7625684142112732
CAM_01,2026-06-03 14:57:08,208,"(653, 0, 722, 142)",0.8047106266021729
CAM_01,2026-06-03 14:57:08,208,"(656, 0, 722, 140)",0.8022518754005432
CAM_01,2026-06-03 14:57:09,208,"(662, 0, 721, 141)",0.7954499125480652
CAM_01,2026-06-03 14:57:09,208,"(669, 0, 726, 138)",0.7948236465454102
CAM_01,2026-06-03 14:57:09,208,"(671, 0, 726, 131)",0.6317684650421143
CAM_01,2026-06-03 14:57:09,208,"(674, 0, 728, 126)",0.7797526121139526
CAM_01,2026-06-03 14:57:09,208,"(678, 0, 730, 123)",0.7828735113143921
CAM_01,2026-06-03 14:57:10,208,"(679, 0, 732, 124)",0.8028127551078796
CAM_01,2026-06-03 14:57:10,208,"(681, 0, 731, 120)",0.7166718244552612
CAM_01,2026-06-03 14:57:41,211,"(589, 1, 664, 172)",0.8481491208076477
CAM_01,2026-06-03 14:57:42,211,"(602, 0, 693, 200)",0.7878760695457458
CAM_01,2026-06-03 14:57:42,211,"(643, 0, 751, 256)",0.8411566615104675
CAM_01,2026-06-03 14:57:42,211,"(702, 2, 810, 299)",0.8539049029350281
CAM_01,2026-06-03 14:57:42,211,"(742, 13, 876, 333)",0.8663903474807739
CAM_01,2026-06-03 14:57:43,211,"(766, 17, 887, 345)",0.8126009702682495
CAM_01,2026-06-03 14:57:43,211,"(773, 19, 887, 348)",0.7930974364280701
CAM_01,2026-06-03 14:57:43,211,"(774, 19, 885, 348)",0.8038522601127625
CAM_01,2026-06-03 14:57:43,211,"(774, 20, 883, 347)",0.7987365126609802
CAM_01,2026-06-03 14:57:43,211,"(773, 20, 881, 348)",0.814267635345459
CAM_01,2026-06-03 14:57:44,211,"(772, 20, 879, 347)",0.8210635185241699
CAM_01,2026-06-03 14:57:44,211,"(771, 20, 878, 346)",0.8295053243637085
CAM_01,2026-06-03 14:57:44,211,"(770, 21, 877, 345)",0.816032350063324
CAM_01,2026-06-03 14:57:44,211,"(769, 21, 877, 344)",0.8306060433387756
CAM_01,2026-06-03 14:57:44,211,"(769, 21, 876, 343)",0.8204349875450134
CAM_01,2026-06-03 14:57:45,211,"(768, 22, 877, 342)",0.8141056299209595
CAM_01,2026-06-03 14:57:45,211,"(768, 22, 877, 341)",0.8229937553405762
CAM_01,2026-06-03 14:57:45,211,"(767, 22, 876, 340)",0.8456276059150696
CAM_01,2026-06-03 14:57:45,211,"(767, 23, 875, 340)",0.835701584815979
CAM_01,2026-06-03 14:57:45,211,"(767, 23, 875, 340)",0.8332424759864807
CAM_01,2026-06-03 14:57:46,211,"(766, 22, 874, 339)",0.8277458548545837
CAM_01,2026-06-03 14:57:46,211,"(766, 22, 874, 339)",0.8249160647392273
CAM_01,2026-06-03 14:57:46,211,"(765, 22, 874, 339)",0.833073616027832
CAM_01,2026-06-03 14:57:46,211,"(765, 22, 873, 338)",0.8410833477973938
CAM_01,2026-06-03 14:57:46,211,"(765, 22, 873, 338)",0.8391632437705994
CAM_01,2026-06-03 14:57:47,211,"(764, 22, 873, 338)",0.8330102562904358
CAM_01,2026-06-03 14:57:47,211,"(764, 22, 873, 338)",0.8278465270996094
CAM_01,2026-06-03 14:57:47,211,"(764, 22, 873, 337)",0.8279663920402527
CAM_01,2026-06-03 14:57:47,211,"(764, 22, 873, 337)",0.8244355916976929
CAM_01,2026-06-03 14:57:47,211,"(764, 22, 872, 337)",0.8253560066223145
CAM_01,2026-06-03 14:57:48,211,"(763, 22, 872, 337)",0.822892427444458
CAM_01,2026-06-03 14:57:48,211,"(763, 22, 872, 337)",0.8258624076843262
CAM_01,2026-06-03 14:57:48,211,"(763, 22, 872, 337)",0.8243216872215271
CAM_01,2026-06-03 14:57:48,211,"(763, 22, 872, 337)",0.8286330103874207
CAM_01,2026-06-03 14:57:49,211,"(763, 22, 872, 337)",0.8269042372703552
CAM_01,2026-06-03 14:57:49,211,"(763, 22, 871, 337)",0.8321003913879395
CAM_01,2026-06-03 14:57:49,211,"(763, 22, 871, 337)",0.8282901048660278
CAM_01,2026-06-03 14:57:49,211,"(763, 22, 871, 337)",0.8187859058380127
CAM_01,2026-06-03 14:57:49,211,"(763, 22, 871, 337)",0.8246769905090332
CAM_01,2026-06-03 14:57:50,211,"(763, 22, 871, 337)",0.8234149217605591
CAM_01,2026-06-03 14:57:50,211,"(763, 22, 870, 337)",0.817007303237915
CAM_01,2026-06-03 14:57:50,211,"(763, 22, 870, 337)",0.8166869878768921
CAM_01,2026-06-03 14:57:50,211,"(763, 22, 870, 337)",0.8145187497138977
CAM_01,2026-06-03 14:57:50,211,"(763, 22, 870, 337)",0.8176060914993286
CAM_01,2026-06-03 14:57:51,211,"(763, 22, 870, 337)",0.8144969344139099
CAM_01,2026-06-03 14:57:51,211,"(763, 22, 870, 337)",0.8389089703559875
CAM_01,2026-06-03 14:57:51,211,"(763, 21, 870, 337)",0.850304126739502
CAM_01,2026-06-03 14:57:51,211,"(763, 21, 870, 337)",0.8503783941268921
CAM_01,2026-06-03 14:57:51,211,"(763, 21, 870, 337)",0.8501421213150024
CAM_01,2026-06-03 14:57:52,211,"(763, 21, 870, 337)",0.8396031856536865
CAM_01,2026-06-03 14:57:52,211,"(762, 22, 871, 334)",0.8162504434585571
CAM_01,2026-06-03 14:57:52,211,"(761, 22, 877, 336)",0.8258771300315857
CAM_01,2026-06-03 14:57:52,211,"(760, 22, 878, 337)",0.8723192811012268
CAM_01,2026-06-03 14:57:52,211,"(758, 22, 878, 338)",0.8720811605453491
CAM_01,2026-06-03 14:57:53,211,"(757, 22, 879, 339)",0.86729496717453
CAM_01,2026-06-03 14:57:53,211,"(753, 22, 880, 340)",0.8753638863563538
CAM_01,2026-06-03 14:57:53,211,"(745, 22, 877, 340)",0.8645926117897034
CAM_01,2026-06-03 14:57:53,211,"(736, 21, 875, 341)",0.8948555588722229
CAM_01,2026-06-03 14:57:53,211,"(732, 20, 875, 341)",0.7937893867492676
CAM_01,2026-06-03 14:57:54,211,"(726, 17, 862, 341)",0.8773007988929749
CAM_01,2026-06-03 14:57:54,211,"(724, 14, 854, 340)",0.8249894976615906
CAM_01,2026-06-03 14:57:54,211,"(724, 7, 832, 338)",0.8364753127098083
CAM_01,2026-06-03 14:57:54,211,"(722, 2, 822, 329)",0.8525519371032715
CAM_01,2026-06-03 14:57:54,211,"(713, 0, 813, 317)",0.9047932624816895
CAM_01,2026-06-03 14:57:55,211,"(707, 0, 808, 307)",0.9027035236358643
CAM_01,2026-06-03 14:57:55,211,"(703, 8, 805, 306)",0.868506908416748
CAM_01,2026-06-03 14:57:55,211,"(699, 4, 801, 303)",0.8685461282730103
CAM_01,2026-06-03 14:57:55,211,"(696, 1, 795, 298)",0.8715577125549316
CAM_01,2026-06-03 14:57:55,211,"(694, 1, 792, 292)",0.8720510005950928
CAM_01,2026-06-03 14:57:56,211,"(692, 0, 789, 273)",0.8769853711128235
CAM_01,2026-06-03 14:57:56,211,"(691, 0, 787, 259)",0.9008970260620117
CAM_01,2026-06-03 14:57:56,211,"(688, 0, 781, 255)",0.8893080353736877
CAM_01,2026-06-03 14:57:56,211,"(679, 0, 776, 253)",0.8634933233261108
CAM_01,2026-06-03 14:57:56,211,"(678, 0, 768, 248)",0.8175423741340637
CAM_01,2026-06-03 14:57:57,211,"(671, 1, 761, 240)",0.8367102146148682
CAM_01,2026-06-03 14:57:57,211,"(665, 1, 753, 225)",0.8402756452560425
CAM_01,2026-06-03 14:57:57,211,"(660, 1, 748, 218)",0.8394449949264526
CAM_01,2026-06-03 14:57:57,211,"(656, 0, 741, 217)",0.8412691950798035
CAM_01,2026-06-03 14:57:57,211,"(654, 1, 737, 215)",0.852124810218811
CAM_01,2026-06-03 14:57:58,211,"(654, 1, 731, 212)",0.8499274253845215
CAM_01,2026-06-03 14:57:58,211,"(653, 0, 728, 202)",0.8318968415260315
CAM_01,2026-06-03 14:57:58,211,"(649, 1, 727, 190)",0.8539906144142151
CAM_01,2026-06-03 14:57:58,211,"(645, 0, 725, 183)",0.8262973427772522
CAM_01,2026-06-03 14:57:58,211,"(640, 1, 723, 182)",0.7742097973823547
CAM_01,2026-06-03 14:57:59,211,"(637, 1, 719, 181)",0.7818736433982849
CAM_01,2026-06-03 14:57:59,211,"(634, 1, 711, 174)",0.8254181146621704
CAM_01,2026-06-03 14:57:59,211,"(633, 1, 707, 166)",0.8390538692474365
CAM_01,2026-06-03 14:57:59,211,"(632, 1, 703, 161)",0.8441714644432068
CAM_01,2026-06-03 14:57:59,211,"(631, 1, 701, 160)",0.8293388485908508
CAM_01,2026-06-03 14:58:00,211,"(633, 1, 700, 159)",0.7226411700248718
CAM_01,2026-06-03 14:58:00,211,"(636, 1, 702, 155)",0.7690357565879822
CAM_01,2026-06-03 14:58:00,211,"(638, 1, 706, 145)",0.7881250977516174
CAM_01,2026-06-03 14:58:00,211,"(642, 1, 709, 139)",0.778187096118927
CAM_01,2026-06-03 14:58:00,211,"(651, 1, 713, 137)",0.758445680141449
CAM_01,2026-06-03 14:58:01,211,"(657, 1, 719, 135)",0.7458019852638245
CAM_01,2026-06-03 14:58:01,211,"(661, 0, 727, 133)",0.7451561689376831
CAM_01,2026-06-03 14:58:01,211,"(664, 0, 731, 132)",0.7748962044715881
CAM_01,2026-06-03 14:58:02,211,"(694, 1, 734, 118)",0.6706943511962891
CAM_01,2026-06-03 14:58:02,211,"(696, 0, 734, 117)",0.6775156855583191
CAM_01,2026-06-03 14:58:12,216,"(505, 0, 570, 104)",0.623170018196106
CAM_01,2026-06-03 15:59:48,20,"(827, 530, 1055, 717)",0.7415627241134644
CAM_01,2026-06-03 15:59:49,20,"(718, 487, 1013, 718)",0.9127623438835144
CAM_01,2026-06-03 15:59:49,20,"(672, 444, 983, 718)",0.9166454076766968
CAM_01,2026-06-03 15:59:49,20,"(654, 394, 949, 717)",0.906276524066925
CAM_01,2026-06-03 15:59:49,20,"(640, 310, 908, 716)",0.891033411026001
CAM_01,2026-06-03 15:59:49,20,"(631, 241, 885, 715)",0.8612623810768127
CAM_01,2026-06-03 15:59:50,20,"(621, 214, 872, 715)",0.9067719578742981
CAM_01,2026-06-03 15:59:50,20,"(605, 193, 847, 716)",0.893876850605011
CAM_01,2026-06-03 15:59:50,20,"(595, 157, 803, 710)",0.8915954828262329
CAM_01,2026-06-03 15:59:50,20,"(584, 126, 772, 672)",0.8922189474105835
CAM_01,2026-06-03 15:59:51,20,"(569, 104, 757, 628)",0.9068318605422974
CAM_01,2026-06-03 15:59:51,20,"(552, 83, 742, 595)",0.9196230173110962
CAM_01,2026-06-03 15:59:51,20,"(537, 62, 718, 580)",0.9380587339401245
CAM_01,2026-06-03 15:59:51,20,"(530, 46, 706, 565)",0.9345383644104004
CAM_01,2026-06-03 15:59:52,20,"(531, 28, 694, 531)",0.9101673364639282
CAM_01,2026-06-03 15:59:52,20,"(534, 15, 687, 491)",0.9248020052909851
CAM_01,2026-06-03 15:59:52,20,"(531, 1, 680, 464)",0.8972733020782471
CAM_01,2026-06-03 15:59:52,20,"(529, 0, 677, 455)",0.9088411331176758
CAM_01,2026-06-03 15:59:53,20,"(525, 0, 671, 452)",0.9009374380111694
CAM_01,2026-06-03 15:59:53,20,"(522, 0, 664, 444)",0.9092128872871399
CAM_01,2026-06-03 15:59:53,20,"(518, 0, 657, 421)",0.8885133266448975
CAM_01,2026-06-03 15:59:53,20,"(518, 0, 654, 392)",0.9012838006019592
CAM_01,2026-06-03 15:59:53,20,"(515, 0, 651, 369)",0.8974189162254333
CAM_01,2026-06-03 15:59:54,20,"(517, 0, 650, 360)",0.8860585689544678
CAM_01,2026-06-03 15:59:54,20,"(524, 0, 649, 352)",0.8677350282669067
CAM_01,2026-06-03 16:00:15,27,"(679, 50, 824, 193)",0.8018296360969543
CAM_01,2026-06-03 16:00:16,27,"(687, 35, 830, 196)",0.8050801753997803
CAM_01,2026-06-03 16:00:16,29,"(749, 31, 831, 135)",0.5172043442726135
CAM_01,2026-06-03 16:00:16,27,"(690, 28, 832, 197)",0.8144351840019226
CAM_01,2026-06-03 16:00:16,27,"(690, 26, 832, 198)",0.8154392838478088
CAM_01,2026-06-03 16:00:16,29,"(750, 32, 831, 135)",0.5039375424385071
CAM_01,2026-06-03 16:00:16,27,"(690, 26, 832, 198)",0.822799026966095
CAM_01,2026-06-03 16:00:17,27,"(690, 26, 832, 198)",0.8197281956672668
CAM_01,2026-06-03 16:00:17,27,"(690, 26, 832, 198)",0.7660428881645203
CAM_01,2026-06-03 16:00:17,29,"(751, 32, 831, 134)",0.5436356067657471
CAM_01,2026-06-03 16:00:17,27,"(690, 27, 832, 198)",0.7644330859184265
CAM_01,2026-06-03 16:00:17,27,"(690, 28, 832, 198)",0.7411252856254578
CAM_01,2026-06-03 16:00:17,29,"(752, 33, 832, 137)",0.5572878122329712
CAM_01,2026-06-03 16:00:18,27,"(690, 29, 833, 197)",0.6674467325210571
CAM_01,2026-06-03 16:00:18,29,"(752, 33, 832, 137)",0.5715540647506714
CAM_01,2026-06-03 16:00:18,27,"(690, 29, 833, 197)",0.7792657017707825
CAM_01,2026-06-03 16:00:18,29,"(754, 33, 833, 137)",0.5500929951667786
CAM_01,2026-06-03 16:00:18,27,"(691, 29, 833, 197)",0.76654052734375
CAM_01,2026-06-03 16:00:18,29,"(754, 33, 833, 137)",0.5522378087043762
CAM_01,2026-06-03 16:00:18,27,"(691, 30, 834, 197)",0.7717812061309814
CAM_01,2026-06-03 16:00:18,29,"(754, 33, 833, 137)",0.553737223148346
CAM_01,2026-06-03 16:00:18,27,"(691, 30, 834, 197)",0.8116800785064697
CAM_01,2026-06-03 16:00:18,29,"(754, 33, 834, 138)",0.5217567682266235
CAM_01,2026-06-03 16:00:19,27,"(691, 30, 835, 198)",0.7808056473731995
CAM_01,2026-06-03 16:00:19,29,"(755, 32, 834, 137)",0.6043798327445984
CAM_01,2026-06-03 16:00:19,27,"(691, 31, 836, 199)",0.7225098013877869
CAM_01,2026-06-03 16:00:19,29,"(756, 33, 835, 137)",0.6666948795318604
CAM_01,2026-06-03 16:00:19,27,"(692, 33, 838, 203)",0.5353031754493713
CAM_01,2026-06-03 16:00:19,29,"(760, 35, 836, 134)",0.728298544883728
CAM_01,2026-06-03 16:00:19,27,"(696, 35, 844, 205)",0.5133031010627747
CAM_01,2026-06-03 16:00:19,29,"(765, 39, 842, 132)",0.6811662316322327
CAM_01,2026-06-03 16:00:20,27,"(700, 37, 850, 204)",0.578465461730957
CAM_01,2026-06-03 16:00:20,29,"(766, 40, 849, 131)",0.5369223356246948
CAM_01,2026-06-03 16:01:11,36,"(1003, 61, 1087, 155)",0.5955749750137329
CAM_01,2026-06-03 16:01:11,36,"(989, 56, 1077, 161)",0.6193984746932983
CAM_01,2026-06-03 16:01:11,36,"(997, 59, 1084, 154)",0.5305529832839966
CAM_01,2026-06-03 16:01:13,40,"(1034, 66, 1122, 161)",0.5967238545417786
CAM_01,2026-06-03 16:01:13,40,"(1037, 65, 1122, 228)",0.6882733106613159
CAM_01,2026-06-03 16:01:13,40,"(1037, 63, 1122, 243)",0.6725187301635742
CAM_01,2026-06-03 16:01:13,40,"(1038, 61, 1121, 246)",0.58732008934021
CAM_01,2026-06-03 16:01:13,40,"(1031, 60, 1121, 247)",0.5706211924552917
CAM_01,2026-06-03 16:01:18,40,"(1029, 47, 1099, 151)",0.5268222093582153
CAM_01,2026-06-03 16:01:19,40,"(1022, 47, 1097, 152)",0.5878582000732422
CAM_01,2026-06-03 16:01:19,43,"(1007, 33, 1104, 162)",0.5940308570861816
CAM_01,2026-06-03 16:01:19,43,"(1013, 31, 1106, 168)",0.724049985408783
CAM_01,2026-06-03 16:01:19,43,"(1010, 25, 1111, 166)",0.6985479593276978
CAM_01,2026-06-03 16:01:19,43,"(1009, 10, 1116, 170)",0.7683873772621155
CAM_01,2026-06-03 16:01:20,43,"(1009, 4, 1122, 173)",0.5717366933822632
CAM_01,2026-06-03 16:01:30,52,"(1028, 58, 1123, 238)",0.6500846147537231
CAM_01,2026-06-03 16:01:31,43,"(1031, 46, 1107, 151)",0.5232394337654114
CAM_01,2026-06-03 16:01:32,43,"(1033, 48, 1108, 150)",0.5785884261131287
CAM_01,2026-06-03 16:01:33,43,"(1036, 39, 1110, 149)",0.6708469986915588
CAM_01,2026-06-03 16:01:33,43,"(1037, 36, 1111, 149)",0.6427525877952576
CAM_01,2026-06-03 16:01:33,43,"(1038, 37, 1112, 149)",0.6037399768829346
CAM_01,2026-06-03 16:01:34,43,"(1038, 39, 1111, 149)",0.5839948058128357
CAM_01,2026-06-03 16:01:34,43,"(1038, 39, 1111, 149)",0.6593707203865051
CAM_01,2026-06-03 16:01:34,43,"(1038, 36, 1113, 152)",0.5585947036743164
CAM_01,2026-06-03 16:01:35,43,"(1035, 34, 1116, 154)",0.5518466830253601
CAM_01,2026-06-03 16:01:35,43,"(1033, 34, 1116, 152)",0.5054216980934143
CAM_01,2026-06-03 16:01:35,43,"(1029, 42, 1116, 151)",0.5440111756324768
CAM_01,2026-06-03 16:02:05,77,"(519, 13, 707, 186)",0.912621021270752
CAM_01,2026-06-03 16:02:06,77,"(518, 18, 718, 186)",0.8944461345672607
CAM_01,2026-06-03 16:02:06,77,"(514, 20, 723, 186)",0.9045984148979187
CAM_01,2026-06-03 16:02:06,77,"(510, 22, 724, 186)",0.8613278269767761
CAM_01,2026-06-03 16:02:07,77,"(506, 23, 724, 186)",0.8914084434509277
CAM_01,2026-06-03 16:02:07,77,"(503, 24, 722, 186)",0.82551509141922
CAM_01,2026-06-03 16:02:07,77,"(505, 27, 703, 187)",0.8786770105361938
CAM_01,2026-06-03 16:02:07,77,"(511, 34, 671, 190)",0.8678949475288391
CAM_01,2026-06-03 16:02:08,77,"(518, 39, 661, 191)",0.7017571926116943
CAM_01,2026-06-03 16:02:08,77,"(522, 44, 660, 191)",0.8731156587600708
CAM_01,2026-06-03 16:02:08,77,"(525, 51, 664, 190)",0.8282303810119629
CAM_01,2026-06-03 16:02:08,77,"(532, 55, 669, 186)",0.7798683047294617
CAM_01,2026-06-03 16:02:08,77,"(538, 54, 673, 185)",0.848902702331543
CAM_01,2026-06-03 16:02:09,77,"(544, 40, 678, 184)",0.8968132138252258
CAM_01,2026-06-03 16:02:09,77,"(554, 27, 678, 184)",0.863957405090332
CAM_01,2026-06-03 16:02:09,77,"(557, 18, 677, 184)",0.8510798215866089
CAM_01,2026-06-03 16:02:09,77,"(576, 13, 676, 183)",0.7968050241470337
CAM_01,2026-06-03 16:02:10,77,"(583, 11, 676, 185)",0.8249992728233337
CAM_01,2026-06-03 16:02:10,77,"(585, 11, 677, 190)",0.7615439295768738
CAM_01,2026-06-03 16:02:10,77,"(585, 10, 676, 192)",0.7733568549156189
CAM_01,2026-06-03 16:02:10,77,"(584, 9, 677, 195)",0.778868556022644
CAM_01,2026-06-03 16:02:11,77,"(583, 9, 677, 197)",0.8031681180000305
CAM_01,2026-06-03 16:02:11,77,"(582, 8, 677, 194)",0.7977776527404785
CAM_01,2026-06-03 16:02:11,77,"(583, 8, 676, 193)",0.7999940514564514
CAM_01,2026-06-03 16:02:11,77,"(582, 8, 674, 190)",0.8123414516448975
CAM_01,2026-06-03 16:02:12,77,"(575, 9, 672, 186)",0.8234969973564148
CAM_01,2026-06-03 16:02:12,77,"(556, 13, 669, 185)",0.8710511922836304
CAM_01,2026-06-03 16:02:12,77,"(548, 17, 666, 188)",0.889626145362854
CAM_01,2026-06-03 16:02:12,77,"(539, 21, 663, 192)",0.9007490277290344
CAM_01,2026-06-03 16:02:12,77,"(533, 24, 661, 196)",0.8478960394859314
CAM_01,2026-06-03 16:02:13,77,"(529, 27, 660, 197)",0.8918135762214661
CAM_01,2026-06-03 16:02:13,77,"(527, 27, 660, 196)",0.8652690052986145
CAM_01,2026-06-03 16:02:13,77,"(527, 29, 660, 197)",0.8879712224006653
CAM_01,2026-06-03 16:02:13,77,"(529, 28, 658, 198)",0.901289701461792
CAM_01,2026-06-03 16:02:14,77,"(533, 26, 658, 199)",0.9056399464607239
CAM_01,2026-06-03 16:02:14,77,"(540, 21, 658, 197)",0.8807128667831421
CAM_01,2026-06-03 16:02:14,77,"(555, 11, 658, 190)",0.8541402816772461
CAM_01,2026-06-03 16:02:14,77,"(564, 3, 658, 187)",0.8411659598350525
CAM_01,2026-06-03 16:02:15,77,"(566, 0, 660, 186)",0.8479167222976685
CAM_01,2026-06-03 16:02:15,77,"(567, 0, 673, 185)",0.8546120524406433
CAM_01,2026-06-03 16:02:15,77,"(569, 2, 687, 185)",0.845146894454956
CAM_01,2026-06-03 16:02:15,77,"(572, 2, 697, 185)",0.8440953493118286
CAM_01,2026-06-03 16:02:15,77,"(574, 3, 702, 184)",0.8575701713562012
CAM_01,2026-06-03 16:02:16,77,"(575, 3, 706, 184)",0.8559507131576538
CAM_01,2026-06-03 16:02:16,77,"(582, 4, 710, 183)",0.8469436168670654
CAM_01,2026-06-03 16:02:16,77,"(584, 6, 711, 182)",0.8682592511177063
CAM_01,2026-06-03 16:02:16,77,"(586, 8, 711, 181)",0.8733127117156982
CAM_01,2026-06-03 16:02:17,77,"(587, 9, 710, 182)",0.8830741047859192
CAM_01,2026-06-03 16:02:17,77,"(588, 9, 707, 182)",0.8794244527816772
CAM_01,2026-06-03 16:02:17,77,"(590, 9, 705, 182)",0.8779879808425903
CAM_01,2026-06-03 16:02:17,77,"(591, 8, 703, 181)",0.8794187307357788
CAM_01,2026-06-03 16:02:17,77,"(592, 7, 701, 180)",0.8657583594322205
CAM_01,2026-06-03 16:02:18,77,"(593, 6, 699, 179)",0.8572976589202881
CAM_01,2026-06-03 16:02:18,77,"(592, 6, 697, 180)",0.8642690777778625
CAM_01,2026-06-03 16:02:18,77,"(593, 7, 695, 181)",0.8610846996307373
CAM_01,2026-06-03 16:02:18,77,"(594, 6, 693, 182)",0.8489178419113159
CAM_01,2026-06-03 16:02:18,77,"(594, 5, 691, 182)",0.8541653752326965
CAM_01,2026-06-03 16:02:19,77,"(593, 5, 689, 183)",0.8485823273658752
CAM_01,2026-06-03 16:02:19,77,"(591, 5, 689, 183)",0.8462519645690918
CAM_01,2026-06-03 16:02:19,77,"(586, 5, 688, 183)",0.8172175884246826
CAM_01,2026-06-03 16:02:19,77,"(575, 5, 689, 183)",0.7727997303009033
CAM_01,2026-06-03 16:02:20,77,"(572, 5, 690, 183)",0.7474214434623718
CAM_01,2026-06-03 16:02:20,77,"(568, 6, 691, 182)",0.7457619905471802
CAM_01,2026-06-03 16:02:20,77,"(582, 10, 692, 181)",0.8045624494552612
CAM_01,2026-06-03 16:02:20,77,"(583, 14, 693, 180)",0.7466393709182739
CAM_01,2026-06-03 16:02:20,77,"(580, 18, 694, 179)",0.7933358550071716
CAM_01,2026-06-03 16:02:21,77,"(577, 20, 693, 179)",0.8478798866271973
CAM_01,2026-06-03 16:02:21,77,"(575, 22, 692, 180)",0.862476110458374
CAM_01,2026-06-03 16:02:21,77,"(576, 22, 687, 182)",0.8586796522140503
CAM_01,2026-06-03 16:02:21,77,"(580, 22, 685, 182)",0.8662227988243103
CAM_01,2026-06-03 16:02:21,77,"(582, 18, 685, 183)",0.8983523845672607
CAM_01,2026-06-03 16:02:22,77,"(583, 13, 684, 192)",0.8982802629470825
CAM_01,2026-06-03 16:02:22,77,"(583, 7, 680, 195)",0.8653534054756165
CAM_01,2026-06-03 16:02:22,77,"(582, 4, 678, 194)",0.8682903051376343
CAM_01,2026-06-03 16:02:22,77,"(583, 3, 673, 194)",0.8492612838745117
CAM_01,2026-06-03 16:02:22,77,"(584, 2, 671, 194)",0.8382647037506104
CAM_01,2026-06-03 16:02:23,77,"(583, 3, 668, 194)",0.8408082127571106
CAM_01,2026-06-03 16:02:23,77,"(583, 4, 667, 194)",0.8391231298446655
CAM_01,2026-06-03 16:02:23,77,"(582, 5, 665, 194)",0.8209043145179749
CAM_01,2026-06-03 16:02:23,77,"(582, 4, 665, 194)",0.8197532296180725
CAM_01,2026-06-03 16:02:24,77,"(581, 5, 664, 195)",0.8262101411819458
CAM_01,2026-06-03 16:02:24,77,"(579, 5, 665, 195)",0.8485107421875
CAM_01,2026-06-03 16:02:24,77,"(577, 7, 667, 195)",0.8670694231987
CAM_01,2026-06-03 16:02:24,77,"(576, 9, 668, 194)",0.8677284121513367
CAM_01,2026-06-03 16:02:24,77,"(575, 14, 673, 194)",0.8500186800956726
CAM_01,2026-06-03 16:02:25,77,"(574, 19, 676, 194)",0.8681984543800354
CAM_01,2026-06-03 16:02:25,77,"(573, 24, 683, 195)",0.8781682252883911
CAM_01,2026-06-03 16:02:25,77,"(573, 28, 692, 187)",0.8729087710380554
CAM_01,2026-06-03 16:02:26,77,"(574, 15, 700, 182)",0.8759709596633911
CAM_01,2026-06-03 16:02:26,77,"(575, 6, 706, 182)",0.8319348692893982
CAM_01,2026-06-03 16:02:26,77,"(575, 2, 709, 182)",0.8569542169570923
CAM_01,2026-06-03 16:02:27,77,"(575, 0, 711, 181)",0.6906331181526184
CAM_01,2026-06-03 16:02:27,77,"(576, 0, 686, 181)",0.8619416952133179
CAM_01,2026-06-03 16:02:27,77,"(576, 0, 674, 180)",0.8626740574836731
CAM_01,2026-06-03 16:02:27,77,"(578, 0, 665, 181)",0.8781934976577759
CAM_01,2026-06-03 16:02:28,77,"(584, 0, 672, 182)",0.8246335387229919
CAM_01,2026-06-03 16:02:28,77,"(590, 0, 673, 183)",0.8371301293373108
CAM_01,2026-06-03 16:02:28,77,"(603, 0, 675, 184)",0.8054949641227722
CAM_01,2026-06-03 16:02:29,77,"(607, 0, 668, 184)",0.7659519910812378
CAM_01,2026-06-03 16:02:29,77,"(609, 0, 668, 184)",0.7710044384002686
CAM_01,2026-06-03 16:02:29,77,"(607, 0, 662, 181)",0.7925745844841003
CAM_01,2026-06-03 16:02:30,77,"(604, 0, 657, 178)",0.7661133408546448
CAM_01,2026-06-03 16:02:30,77,"(594, 0, 658, 177)",0.8509517312049866
CAM_01,2026-06-03 16:02:31,77,"(580, 0, 652, 182)",0.8084545135498047
CAM_01,2026-06-03 16:02:31,77,"(566, 0, 650, 183)",0.8402002453804016
CAM_01,2026-06-03 16:02:32,77,"(553, 0, 644, 211)",0.8591241240501404
CAM_01,2026-06-03 16:02:32,77,"(552, 0, 647, 231)",0.8012995719909668
CAM_01,2026-06-03 16:02:33,77,"(545, 0, 651, 238)",0.8410628437995911
CAM_01,2026-06-03 16:02:33,77,"(540, 0, 656, 273)",0.8892960548400879
CAM_01,2026-06-03 16:02:34,77,"(535, 0, 658, 295)",0.8685234785079956
CAM_01,2026-06-03 16:02:34,77,"(536, 0, 661, 309)",0.9063721299171448
CAM_01,2026-06-03 16:02:35,77,"(537, 1, 665, 359)",0.8837689757347107
CAM_01,2026-06-03 16:02:35,77,"(540, 2, 682, 391)",0.9179672598838806
CAM_01,2026-06-03 16:02:36,77,"(546, 2, 698, 444)",0.9113698601722717
CAM_01,2026-06-03 16:02:36,77,"(549, 15, 708, 499)",0.9187941551208496
CAM_01,2026-06-03 16:02:37,77,"(548, 33, 713, 521)",0.9141817092895508
CAM_01,2026-06-03 16:02:37,77,"(555, 60, 720, 578)",0.9175519943237305
CAM_01,2026-06-03 16:02:38,77,"(577, 111, 768, 638)",0.8978879451751709
CAM_01,2026-06-03 16:02:38,77,"(603, 140, 830, 661)",0.9035847783088684
CAM_01,2026-06-03 16:03:52,97,"(789, 476, 1040, 716)",0.8595249056816101
CAM_01,2026-06-03 16:03:53,97,"(720, 397, 967, 716)",0.8859544992446899
CAM_01,2026-06-03 16:03:53,97,"(648, 357, 933, 716)",0.7434957027435303
CAM_01,2026-06-03 16:03:53,97,"(615, 331, 906, 715)",0.8060253262519836
CAM_01,2026-06-03 16:03:53,97,"(595, 302, 878, 713)",0.8504562377929688
CAM_01,2026-06-03 16:03:54,97,"(588, 271, 859, 715)",0.9089726805686951
CAM_01,2026-06-03 16:03:54,97,"(589, 234, 833, 716)",0.8938795328140259
CAM_01,2026-06-03 16:03:54,97,"(587, 205, 814, 708)",0.8395244479179382
CAM_01,2026-06-03 16:03:54,97,"(579, 180, 786, 694)",0.8723553419113159
CAM_01,2026-06-03 16:03:54,97,"(570, 165, 765, 688)",0.8805530667304993
CAM_01,2026-06-03 16:03:55,97,"(557, 150, 739, 679)",0.8804313540458679
CAM_01,2026-06-03 16:03:55,97,"(545, 135, 718, 668)",0.9119275212287903
CAM_01,2026-06-03 16:03:55,97,"(531, 123, 698, 637)",0.9029139876365662
CAM_01,2026-06-03 16:03:55,97,"(513, 115, 682, 605)",0.8991414904594421
CAM_01,2026-06-03 16:03:56,97,"(497, 102, 663, 585)",0.9191642999649048
CAM_01,2026-06-03 16:03:56,97,"(483, 94, 648, 578)",0.9089370369911194
CAM_01,2026-06-03 16:03:56,97,"(472, 86, 631, 576)",0.8807054162025452
CAM_01,2026-06-03 16:03:56,97,"(468, 78, 621, 575)",0.8891639113426208
CAM_01,2026-06-03 16:03:56,97,"(464, 63, 609, 567)",0.8543252944946289
CAM_01,2026-06-03 16:03:57,97,"(458, 50, 595, 559)",0.8633798360824585
CAM_01,2026-06-03 16:03:57,97,"(440, 37, 574, 537)",0.8743404746055603
CAM_01,2026-06-03 16:03:57,97,"(427, 29, 561, 513)",0.8862928152084351
CAM_01,2026-06-03 16:03:57,97,"(418, 21, 549, 497)",0.8943800926208496
CAM_01,2026-06-03 16:03:57,97,"(404, 16, 538, 491)",0.8943371772766113
CAM_01,2026-06-03 16:03:58,97,"(400, 11, 528, 489)",0.8783015608787537
CAM_01,2026-06-03 16:03:58,97,"(395, 8, 526, 481)",0.8822996020317078
CAM_01,2026-06-03 16:03:58,97,"(382, 3, 526, 459)",0.8920215368270874
CAM_01,2026-06-03 16:03:58,97,"(371, 0, 525, 439)",0.8993082642555237
CAM_01,2026-06-03 16:03:58,97,"(361, 0, 515, 433)",0.8749940395355225
CAM_01,2026-06-03 16:03:59,97,"(355, 0, 502, 429)",0.8438040614128113
CAM_01,2026-06-03 16:03:59,97,"(352, 0, 485, 428)",0.8575676083564758
CAM_01,2026-06-03 16:03:59,97,"(350, 0, 475, 428)",0.8541895747184753
CAM_01,2026-06-03 16:03:59,97,"(348, 0, 470, 430)",0.8531389236450195
CAM_01,2026-06-03 16:03:59,97,"(341, 0, 462, 425)",0.813245415687561
CAM_01,2026-06-03 16:04:00,97,"(336, 0, 460, 417)",0.842007577419281
CAM_01,2026-06-03 16:04:00,97,"(332, 0, 458, 411)",0.8536680936813354
CAM_01,2026-06-03 16:04:00,97,"(321, 0, 456, 401)",0.8628324270248413
CAM_01,2026-06-03 16:04:00,97,"(314, 0, 455, 391)",0.8768021464347839
CAM_01,2026-06-03 16:04:01,97,"(308, 1, 456, 385)",0.872610330581665
CAM_01,2026-06-03 16:04:01,97,"(301, 1, 456, 382)",0.8730791211128235
CAM_01,2026-06-03 16:04:01,97,"(290, 1, 454, 381)",0.8999451398849487
CAM_01,2026-06-03 16:04:01,97,"(267, 1, 447, 382)",0.8856003880500793
CAM_01,2026-06-03 16:04:01,97,"(255, 1, 430, 383)",0.905692458152771
CAM_01,2026-06-03 16:04:02,97,"(242, 1, 406, 384)",0.898577868938446
CAM_01,2026-06-03 16:04:02,97,"(235, 2, 396, 384)",0.8851714730262756
CAM_01,2026-06-03 16:04:02,97,"(228, 1, 391, 383)",0.8895105719566345
CAM_01,2026-06-03 16:04:02,97,"(223, 1, 389, 384)",0.893781840801239
CAM_01,2026-06-03 16:04:03,97,"(220, 1, 389, 383)",0.8985061645507812
CAM_01,2026-06-03 16:04:03,97,"(219, 1, 388, 384)",0.9031703472137451
CAM_01,2026-06-03 16:04:03,97,"(220, 1, 388, 384)",0.9033138751983643
CAM_01,2026-06-03 16:04:03,97,"(221, 1, 386, 383)",0.8890868425369263
CAM_01,2026-06-03 16:04:03,97,"(222, 1, 381, 381)",0.8724367022514343
CAM_01,2026-06-03 16:04:04,97,"(222, 2, 373, 378)",0.8451722860336304
CAM_01,2026-06-03 16:04:04,97,"(222, 2, 356, 372)",0.8099275827407837
CAM_01,2026-06-03 16:04:04,97,"(221, 3, 346, 369)",0.8409467935562134
CAM_01,2026-06-03 16:04:04,97,"(220, 3, 342, 368)",0.836397111415863
CAM_01,2026-06-03 16:04:04,97,"(218, 3, 341, 370)",0.8445286154747009
CAM_01,2026-06-03 16:04:05,97,"(214, 3, 341, 370)",0.84706050157547
CAM_01,2026-06-03 16:04:05,97,"(212, 3, 342, 370)",0.8470315337181091
CAM_01,2026-06-03 16:04:05,97,"(209, 3, 343, 368)",0.8574916124343872
CAM_01,2026-06-03 16:04:05,97,"(207, 3, 342, 372)",0.8695191144943237
CAM_01,2026-06-03 16:04:05,97,"(138, 2, 343, 371)",0.8579286336898804
CAM_01,2026-06-03 16:04:06,97,"(99, 7, 339, 358)",0.7308517694473267
CAM_01,2026-06-03 16:04:06,97,"(75, 33, 332, 356)",0.835123598575592
CAM_01,2026-06-03 16:04:06,97,"(80, 78, 329, 350)",0.704020619392395
CAM_01,2026-06-03 16:04:07,105,"(146, 161, 369, 455)",0.7933757901191711
CAM_01,2026-06-03 16:04:07,105,"(152, 160, 363, 455)",0.6710233092308044
CAM_01,2026-06-03 16:04:07,105,"(157, 160, 361, 455)",0.6592471599578857
CAM_01,2026-06-03 16:04:07,105,"(156, 160, 364, 456)",0.5381543040275574
CAM_01,2026-06-03 16:04:07,105,"(157, 159, 364, 455)",0.7547569274902344
CAM_01,2026-06-03 16:04:08,105,"(162, 159, 362, 436)",0.8235206604003906
CAM_01,2026-06-03 16:04:08,105,"(164, 159, 361, 427)",0.8251054883003235
CAM_01,2026-06-03 16:04:08,105,"(167, 159, 360, 427)",0.8053428530693054
CAM_01,2026-06-03 16:04:08,105,"(175, 157, 359, 424)",0.824487566947937
CAM_01,2026-06-03 16:04:08,105,"(162, 158, 360, 439)",0.8268067836761475
CAM_01,2026-06-03 16:04:09,105,"(161, 150, 355, 445)",0.8587037324905396
CAM_01,2026-06-03 16:04:09,105,"(174, 165, 362, 427)",0.7908901572227478
CAM_01,2026-06-03 16:04:09,105,"(178, 170, 361, 382)",0.6547563672065735
CAM_01,2026-06-03 16:04:09,105,"(180, 172, 365, 408)",0.6372989416122437
CAM_01,2026-06-03 16:04:09,105,"(181, 173, 377, 416)",0.6310222744941711
CAM_01,2026-06-03 16:04:10,105,"(182, 173, 384, 415)",0.7178992629051208
CAM_01,2026-06-03 16:04:10,105,"(182, 173, 386, 388)",0.6263773441314697
CAM_01,2026-06-03 16:04:10,105,"(183, 173, 383, 397)",0.6646802425384521
CAM_01,2026-06-03 16:04:10,105,"(182, 173, 380, 408)",0.7059150338172913
CAM_01,2026-06-03 16:04:10,105,"(182, 173, 376, 398)",0.6878703236579895
CAM_01,2026-06-03 16:04:11,105,"(182, 173, 376, 385)",0.711438000202179
CAM_01,2026-06-03 16:04:11,105,"(182, 173, 383, 385)",0.6557790040969849
CAM_01,2026-06-03 16:04:11,105,"(182, 173, 382, 393)",0.6940049529075623
CAM_01,2026-06-03 16:04:11,105,"(181, 173, 382, 396)",0.6594169735908508
CAM_01,2026-06-03 16:04:12,105,"(181, 173, 381, 389)",0.686397910118103
CAM_01,2026-06-03 16:04:12,105,"(181, 173, 380, 390)",0.6825591325759888
CAM_01,2026-06-03 16:04:12,105,"(181, 173, 381, 389)",0.6949976682662964
CAM_01,2026-06-03 16:04:12,105,"(182, 173, 386, 380)",0.6827688813209534
CAM_01,2026-06-03 16:04:12,105,"(182, 173, 387, 385)",0.7150333523750305
CAM_01,2026-06-03 16:04:13,105,"(182, 175, 387, 407)",0.8403542637825012
CAM_01,2026-06-03 16:04:13,105,"(181, 175, 390, 416)",0.8357725143432617
CAM_01,2026-06-03 16:04:13,105,"(180, 176, 391, 419)",0.8519065380096436
CAM_01,2026-06-03 16:04:13,105,"(179, 175, 392, 420)",0.8464097380638123
CAM_01,2026-06-03 16:04:14,105,"(179, 173, 393, 421)",0.7050302624702454
CAM_01,2026-06-03 16:04:14,105,"(179, 172, 394, 422)",0.5716210007667542
CAM_01,2026-06-03 16:04:14,105,"(177, 173, 394, 424)",0.8415900468826294
CAM_01,2026-06-03 16:04:14,105,"(176, 173, 394, 422)",0.858725905418396
CAM_01,2026-06-03 16:04:14,105,"(177, 174, 391, 423)",0.8731223940849304
CAM_01,2026-06-03 16:04:15,105,"(178, 174, 386, 424)",0.8680186867713928
CAM_01,2026-06-03 16:04:15,105,"(180, 174, 372, 424)",0.7948719263076782
CAM_01,2026-06-03 16:04:15,105,"(182, 174, 356, 421)",0.854769766330719
CAM_01,2026-06-03 16:04:15,105,"(182, 175, 339, 417)",0.8989697098731995
CAM_01,2026-06-03 16:04:15,105,"(183, 174, 332, 415)",0.9063057899475098
CAM_01,2026-06-03 16:04:16,105,"(179, 173, 331, 419)",0.875177264213562
CAM_01,2026-06-03 16:04:16,105,"(180, 171, 330, 416)",0.8973763585090637
CAM_01,2026-06-03 16:04:16,105,"(178, 166, 333, 399)",0.8682430386543274
CAM_01,2026-06-03 16:04:16,105,"(175, 161, 340, 382)",0.799493134021759
CAM_01,2026-06-03 16:04:16,105,"(179, 158, 340, 356)",0.7908640503883362
CAM_01,2026-06-03 16:04:17,105,"(174, 157, 344, 351)",0.7407774329185486
CAM_01,2026-06-03 16:04:17,105,"(168, 157, 341, 334)",0.78117436170578
CAM_01,2026-06-03 16:04:17,105,"(162, 158, 338, 330)",0.8283777832984924
CAM_01,2026-06-03 16:04:17,105,"(151, 159, 324, 337)",0.7671932578086853
CAM_01,2026-06-03 16:04:17,105,"(145, 160, 316, 340)",0.7644859552383423
CAM_01,2026-06-03 16:04:18,105,"(140, 161, 313, 340)",0.7727788686752319
CAM_01,2026-06-03 16:04:18,105,"(139, 161, 315, 337)",0.6748837828636169
CAM_01,2026-06-03 16:04:18,105,"(139, 159, 314, 332)",0.7781620025634766
CAM_01,2026-06-03 16:04:18,105,"(139, 156, 314, 345)",0.7979905009269714
CAM_01,2026-06-03 16:04:18,105,"(140, 151, 313, 366)",0.8474252820014954
CAM_01,2026-06-03 16:04:19,105,"(142, 146, 312, 379)",0.8741111755371094
CAM_01,2026-06-03 16:04:19,105,"(154, 141, 310, 384)",0.8239079713821411
CAM_01,2026-06-03 16:04:19,105,"(160, 136, 305, 386)",0.736964762210846
CAM_01,2026-06-03 16:04:19,105,"(158, 133, 296, 387)",0.7813863158226013
CAM_01,2026-06-03 16:04:19,105,"(158, 131, 295, 387)",0.6101890206336975
CAM_01,2026-06-03 16:04:20,105,"(155, 132, 318, 389)",0.7408116459846497
CAM_01,2026-06-03 16:04:20,105,"(152, 134, 344, 390)",0.8426787853240967
CAM_01,2026-06-03 16:04:20,105,"(160, 135, 351, 390)",0.6304692029953003
CAM_01,2026-06-03 16:04:20,105,"(166, 135, 344, 389)",0.8093202710151672
CAM_01,2026-06-03 16:04:20,105,"(168, 136, 344, 388)",0.7952986359596252
CAM_01,2026-06-03 16:04:21,105,"(170, 136, 343, 389)",0.8452683687210083
CAM_01,2026-06-03 16:04:21,105,"(169, 134, 344, 389)",0.8429352045059204
CAM_01,2026-06-03 16:04:21,105,"(164, 134, 346, 378)",0.8339102268218994
CAM_01,2026-06-03 16:04:21,105,"(160, 132, 345, 341)",0.6480307579040527
CAM_01,2026-06-03 16:04:22,105,"(159, 131, 344, 321)",0.7502617835998535
CAM_01,2026-06-03 16:04:22,105,"(157, 134, 341, 314)",0.8284608125686646
CAM_01,2026-06-03 16:04:22,105,"(151, 137, 336, 312)",0.7935895919799805
CAM_01,2026-06-03 16:04:22,105,"(146, 144, 331, 312)",0.8429850339889526
CAM_01,2026-06-03 16:04:22,105,"(144, 150, 330, 311)",0.843535840511322
CAM_01,2026-06-03 16:04:23,105,"(144, 155, 334, 311)",0.8320338129997253
CAM_01,2026-06-03 16:04:23,105,"(145, 165, 337, 313)",0.8344469666481018
CAM_01,2026-06-03 16:04:23,105,"(147, 173, 336, 314)",0.7418246865272522
CAM_01,2026-06-03 16:04:23,105,"(146, 180, 334, 318)",0.7160672545433044
CAM_01,2026-06-03 16:04:23,105,"(147, 190, 326, 323)",0.5868088006973267
CAM_01,2026-06-03 16:04:25,105,"(130, 120, 320, 404)",0.6379003524780273
CAM_01,2026-06-03 16:04:25,105,"(129, 99, 329, 416)",0.7809465527534485
CAM_01,2026-06-03 16:04:25,105,"(128, 85, 311, 421)",0.6406534910202026
CAM_01,2026-06-03 16:04:25,105,"(127, 84, 325, 429)",0.6420082449913025
CAM_01,2026-06-03 16:04:26,105,"(126, 87, 323, 429)",0.7840868234634399
CAM_01,2026-06-03 16:04:26,105,"(126, 107, 320, 425)",0.6999770402908325
CAM_01,2026-06-03 16:04:26,105,"(127, 153, 327, 422)",0.7579749226570129
CAM_01,2026-06-03 16:04:26,105,"(128, 180, 334, 422)",0.8702929019927979
CAM_01,2026-06-03 16:04:26,105,"(129, 186, 337, 423)",0.8149252533912659
CAM_01,2026-06-03 16:04:27,105,"(128, 182, 339, 423)",0.8384804725646973
CAM_01,2026-06-03 16:04:27,105,"(128, 185, 349, 426)",0.7277044653892517
CAM_01,2026-06-03 16:04:28,105,"(129, 174, 345, 423)",0.5650793313980103
CAM_01,2026-06-03 16:04:28,105,"(129, 170, 341, 423)",0.7149107456207275
CAM_01,2026-06-03 16:04:28,105,"(129, 169, 340, 423)",0.5917014479637146
CAM_01,2026-06-03 16:04:28,105,"(130, 169, 341, 421)",0.5963670015335083
CAM_01,2026-06-03 16:04:29,105,"(130, 170, 341, 420)",0.5625847578048706
CAM_01,2026-06-03 16:04:29,105,"(129, 169, 341, 420)",0.6753212213516235
CAM_01,2026-06-03 16:04:29,105,"(129, 169, 340, 423)",0.810856282711029
CAM_01,2026-06-03 16:04:30,105,"(129, 170, 339, 425)",0.7881307005882263
CAM_01,2026-06-03 16:04:30,105,"(129, 170, 339, 426)",0.8155695796012878
CAM_01,2026-06-03 16:04:30,105,"(129, 171, 339, 425)",0.8122130632400513
CAM_01,2026-06-03 16:04:30,105,"(129, 169, 338, 423)",0.6379779577255249
CAM_01,2026-06-03 16:04:31,105,"(127, 170, 338, 429)",0.6260768175125122
CAM_01,2026-06-03 16:04:31,105,"(129, 170, 338, 423)",0.6093943119049072
CAM_01,2026-06-03 16:04:31,134,"(134, 178, 363, 395)",0.5246203541755676
CAM_01,2026-06-03 16:04:32,105,"(151, 177, 369, 363)",0.517182469367981
CAM_01,2026-06-03 16:04:32,105,"(182, 177, 376, 363)",0.6115860342979431
CAM_01,2026-06-03 16:04:33,105,"(186, 186, 376, 374)",0.6293469071388245
CAM_01,2026-06-03 16:04:33,105,"(189, 190, 379, 380)",0.818798303604126
CAM_01,2026-06-03 16:04:33,105,"(190, 185, 382, 371)",0.5808587670326233
CAM_01,2026-06-03 16:04:33,105,"(192, 172, 391, 376)",0.7753153443336487
CAM_01,2026-06-03 16:04:33,105,"(192, 158, 396, 349)",0.8182908296585083
CAM_01,2026-06-03 16:04:34,105,"(189, 148, 397, 340)",0.7510313391685486
CAM_01,2026-06-03 16:04:34,105,"(184, 141, 397, 340)",0.8362189531326294
CAM_01,2026-06-03 16:04:34,105,"(181, 137, 397, 356)",0.8776004314422607
CAM_01,2026-06-03 16:04:34,105,"(172, 132, 395, 365)",0.7997354865074158
CAM_01,2026-06-03 16:04:34,105,"(169, 129, 395, 364)",0.8263909816741943
CAM_01,2026-06-03 16:04:35,105,"(163, 126, 392, 358)",0.626106858253479
CAM_01,2026-06-03 16:04:35,105,"(159, 123, 391, 348)",0.6119518876075745
CAM_01,2026-06-03 16:04:35,105,"(159, 120, 389, 346)",0.6334819793701172
CAM_01,2026-06-03 16:04:35,105,"(161, 116, 389, 343)",0.5506253838539124
CAM_01,2026-06-03 16:04:35,138,"(164, 117, 257, 343)",0.5046190619468689
CAM_01,2026-06-03 16:04:36,105,"(213, 102, 373, 299)",0.8077681064605713
CAM_01,2026-06-03 16:05:13,141,"(53, 318, 299, 712)",0.7845649123191833
CAM_01,2026-06-03 16:05:13,141,"(171, 285, 493, 712)",0.5333992838859558
CAM_01,2026-06-03 16:05:14,141,"(270, 273, 582, 711)",0.8686517477035522
CAM_01,2026-06-03 16:05:14,141,"(290, 269, 632, 712)",0.8912224173545837
CAM_01,2026-06-03 16:05:14,141,"(343, 259, 680, 712)",0.8894925117492676
CAM_01,2026-06-03 16:05:14,141,"(383, 247, 715, 713)",0.8841298222541809
CAM_01,2026-06-03 16:05:14,141,"(445, 224, 733, 675)",0.8773776888847351
CAM_01,2026-06-03 16:05:15,141,"(491, 206, 740, 699)",0.8906312584877014
CAM_01,2026-06-03 16:05:15,141,"(544, 192, 765, 704)",0.8795359134674072
CAM_01,2026-06-03 16:05:15,141,"(569, 187, 797, 706)",0.9108710885047913
CAM_01,2026-06-03 16:05:15,141,"(579, 186, 839, 704)",0.8897101283073425
CAM_01,2026-06-03 16:05:15,141,"(587, 171, 879, 693)",0.8639767169952393
CAM_01,2026-06-03 16:05:16,141,"(629, 165, 919, 657)",0.8960866928100586
CAM_01,2026-06-03 16:05:16,141,"(681, 154, 951, 644)",0.8664968609809875
CAM_01,2026-06-03 16:05:16,141,"(735, 145, 1010, 638)",0.8589109778404236
CAM_01,2026-06-03 16:05:16,141,"(743, 139, 1034, 635)",0.9260448813438416
CAM_01,2026-06-03 16:05:17,141,"(761, 129, 1052, 629)",0.9209510684013367
CAM_01,2026-06-03 16:05:17,141,"(812, 113, 1075, 602)",0.9218010306358337
CAM_01,2026-06-03 16:05:17,141,"(839, 105, 1090, 570)",0.9155678153038025
CAM_01,2026-06-03 16:05:17,141,"(847, 100, 1118, 544)",0.9325413107872009
CAM_01,2026-06-03 16:05:17,141,"(851, 101, 1146, 534)",0.8994966745376587
CAM_01,2026-06-03 16:05:18,141,"(861, 103, 1164, 529)",0.7240629196166992
CAM_01,2026-06-03 16:05:18,141,"(865, 100, 1184, 530)",0.9056953191757202
CAM_01,2026-06-03 16:05:18,141,"(893, 98, 1205, 535)",0.9165769219398499
CAM_01,2026-06-03 16:05:18,141,"(922, 95, 1218, 535)",0.9022496342658997
CAM_01,2026-06-03 16:05:18,141,"(959, 96, 1256, 536)",0.8833746910095215
CAM_01,2026-06-03 16:05:19,141,"(982, 98, 1268, 536)",0.8843207359313965
CAM_01,2026-06-03 16:05:19,141,"(997, 100, 1275, 533)",0.9075222015380859
CAM_01,2026-06-03 16:05:19,141,"(1003, 103, 1269, 533)",0.9122834801673889
CAM_01,2026-06-03 16:05:19,141,"(1005, 107, 1276, 538)",0.910912036895752
CAM_01,2026-06-03 16:05:20,141,"(999, 110, 1277, 545)",0.9300755262374878
CAM_01,2026-06-03 16:05:20,141,"(987, 113, 1280, 554)",0.9283279180526733
CAM_01,2026-06-03 16:05:20,141,"(984, 117, 1280, 561)",0.9358616471290588
CAM_01,2026-06-03 16:05:20,141,"(986, 120, 1280, 571)",0.9345751404762268
CAM_01,2026-06-03 16:05:20,141,"(990, 123, 1280, 577)",0.9327161908149719
CAM_01,2026-06-03 16:05:21,141,"(990, 131, 1280, 585)",0.9161186218261719
CAM_01,2026-06-03 16:05:21,141,"(988, 140, 1280, 587)",0.9170142412185669
CAM_01,2026-06-03 16:05:21,141,"(988, 148, 1275, 589)",0.9074959754943848
CAM_01,2026-06-03 16:05:21,141,"(986, 156, 1268, 588)",0.8954521417617798
CAM_01,2026-06-03 16:05:22,141,"(985, 161, 1265, 588)",0.8971454501152039
CAM_01,2026-06-03 16:05:22,141,"(971, 164, 1257, 585)",0.8662916421890259
CAM_01,2026-06-03 16:05:22,141,"(931, 170, 1251, 586)",0.8928689956665039
CAM_01,2026-06-03 16:05:22,141,"(883, 164, 1237, 585)",0.9089165329933167
CAM_01,2026-06-03 16:05:22,141,"(857, 165, 1223, 585)",0.9105308651924133
CAM_01,2026-06-03 16:05:23,141,"(841, 162, 1198, 588)",0.9084302186965942
CAM_01,2026-06-03 16:05:23,141,"(833, 157, 1177, 590)",0.9193969368934631
CAM_01,2026-06-03 16:05:23,141,"(830, 154, 1153, 580)",0.8587461113929749
CAM_01,2026-06-03 16:05:23,141,"(828, 152, 1134, 590)",0.8759403228759766
CAM_01,2026-06-03 16:05:23,141,"(820, 149, 1120, 610)",0.9002328515052795
CAM_01,2026-06-03 16:05:24,141,"(747, 155, 1067, 623)",0.8963716626167297
CAM_01,2026-06-03 16:05:24,141,"(675, 162, 1042, 631)",0.7407576441764832
CAM_01,2026-06-03 16:05:24,141,"(671, 165, 1007, 634)",0.7798967361450195
CAM_01,2026-06-03 16:05:24,141,"(684, 167, 976, 634)",0.8994191288948059
CAM_01,2026-06-03 16:05:25,141,"(680, 167, 945, 634)",0.8605626225471497
CAM_01,2026-06-03 16:05:25,141,"(608, 151, 913, 633)",0.9145388007164001
CAM_01,2026-06-03 16:05:25,141,"(554, 174, 856, 635)",0.9296520948410034
CAM_01,2026-06-03 16:05:25,141,"(530, 179, 805, 635)",0.9009475111961365
CAM_01,2026-06-03 16:05:26,141,"(514, 180, 767, 638)",0.8985351324081421
CAM_01,2026-06-03 16:05:26,141,"(456, 181, 728, 676)",0.9007982611656189
CAM_01,2026-06-03 16:05:26,141,"(395, 187, 695, 680)",0.8871047496795654
CAM_01,2026-06-03 16:05:26,141,"(318, 201, 653, 701)",0.8725079298019409
CAM_01,2026-06-03 16:05:27,141,"(274, 218, 580, 712)",0.8276169896125793
CAM_01,2026-06-03 16:05:27,141,"(135, 246, 450, 716)",0.8205564022064209
CAM_01,2026-06-03 16:05:28,141,"(85, 263, 443, 717)",0.5169251561164856
CAM_01,2026-06-03 16:05:28,141,"(31, 271, 435, 716)",0.7040175199508667
CAM_01,2026-06-03 16:06:08,157,"(0, 159, 252, 631)",0.5026000738143921
CAM_01,2026-06-03 16:06:08,157,"(0, 164, 258, 628)",0.5819488167762756
CAM_01,2026-06-03 16:06:08,157,"(0, 123, 260, 626)",0.6210124492645264
CAM_01,2026-06-03 16:06:09,157,"(0, 116, 263, 617)",0.7817705869674683
CAM_01,2026-06-03 16:06:09,157,"(1, 111, 263, 608)",0.8752383589744568
CAM_01,2026-06-03 16:06:09,157,"(2, 105, 274, 605)",0.8946688771247864
CAM_01,2026-06-03 16:06:09,157,"(0, 95, 286, 605)",0.9390953183174133
CAM_01,2026-06-03 16:06:10,157,"(78, 52, 370, 553)",0.9324396252632141
CAM_01,2026-06-03 16:06:10,157,"(187, 28, 417, 524)",0.8813934326171875
CAM_01,2026-06-03 16:06:10,157,"(291, 4, 512, 474)",0.933488130569458
CAM_01,2026-06-03 16:06:10,157,"(412, 0, 588, 406)",0.9127591252326965
CAM_01,2026-06-03 16:06:11,157,"(452, 0, 612, 383)",0.9130508303642273
CAM_01,2026-06-03 16:06:11,157,"(462, 0, 619, 376)",0.9137794971466064
CAM_01,2026-06-03 16:06:11,157,"(465, 0, 620, 374)",0.9132625460624695
CAM_01,2026-06-03 16:06:11,157,"(464, 0, 619, 375)",0.9102698564529419
CAM_01,2026-06-03 16:06:11,157,"(463, 0, 618, 376)",0.9110147953033447
CAM_01,2026-06-03 16:06:12,157,"(462, 0, 617, 377)",0.9124396443367004
CAM_01,2026-06-03 16:06:12,157,"(460, 0, 615, 377)",0.9115269780158997
CAM_01,2026-06-03 16:06:12,157,"(459, 0, 615, 378)",0.9123333692550659
CAM_01,2026-06-03 16:06:12,157,"(459, 0, 615, 379)",0.9116353988647461
CAM_01,2026-06-03 16:06:12,157,"(459, 0, 615, 380)",0.9101412296295166
CAM_01,2026-06-03 16:06:13,157,"(458, 0, 615, 381)",0.9107800722122192
CAM_01,2026-06-03 16:06:13,157,"(458, 0, 614, 381)",0.9096062183380127
CAM_01,2026-06-03 16:06:13,157,"(458, 0, 613, 381)",0.9092535972595215
CAM_01,2026-06-03 16:06:13,157,"(458, 0, 613, 382)",0.9092411398887634
CAM_01,2026-06-03 16:06:14,157,"(457, 0, 613, 382)",0.9086828231811523
CAM_01,2026-06-03 16:06:14,157,"(457, 0, 613, 382)",0.9089317321777344
CAM_01,2026-06-03 16:06:14,157,"(457, 1, 613, 382)",0.9092180728912354
CAM_01,2026-06-03 16:06:14,157,"(457, 1, 612, 383)",0.909598171710968
CAM_01,2026-06-03 16:06:14,157,"(457, 1, 612, 382)",0.9073210954666138
CAM_01,2026-06-03 16:06:15,157,"(458, 1, 612, 382)",0.9085896015167236
CAM_01,2026-06-03 16:06:15,157,"(458, 1, 611, 382)",0.9084597229957581
CAM_01,2026-06-03 16:06:15,157,"(457, 1, 611, 382)",0.9085028171539307
CAM_01,2026-06-03 16:06:15,157,"(457, 1, 611, 382)",0.9081828594207764
CAM_01,2026-06-03 16:06:16,157,"(457, 1, 611, 383)",0.907834529876709
CAM_01,2026-06-03 16:06:16,157,"(457, 1, 611, 383)",0.9088041186332703
CAM_01,2026-06-03 16:06:16,157,"(457, 1, 611, 383)",0.9091379046440125
CAM_01,2026-06-03 16:06:16,157,"(457, 1, 611, 383)",0.9094619750976562
CAM_01,2026-06-03 16:06:16,157,"(457, 1, 611, 383)",0.9113748073577881
CAM_01,2026-06-03 16:06:17,157,"(456, 1, 611, 383)",0.9123899340629578
CAM_01,2026-06-03 16:06:17,157,"(456, 2, 611, 383)",0.9130278825759888
CAM_01,2026-06-03 16:06:17,157,"(456, 2, 610, 383)",0.9131008386611938
CAM_01,2026-06-03 16:06:17,157,"(455, 2, 610, 384)",0.9135966897010803
CAM_01,2026-06-03 16:06:17,157,"(455, 2, 610, 383)",0.9131695032119751
CAM_01,2026-06-03 16:06:18,157,"(455, 2, 610, 383)",0.9129343628883362
CAM_01,2026-06-03 16:06:18,157,"(455, 2, 610, 383)",0.9131819605827332
CAM_01,2026-06-03 16:06:18,157,"(455, 2, 610, 383)",0.912266731262207
CAM_01,2026-06-03 16:06:18,157,"(456, 1, 611, 384)",0.9078765511512756
CAM_01,2026-06-03 16:06:19,157,"(456, 1, 611, 384)",0.9076685905456543
CAM_01,2026-06-03 16:06:19,157,"(456, 1, 611, 384)",0.9085581302642822
CAM_01,2026-06-03 16:06:19,157,"(457, 1, 611, 384)",0.9092435240745544
CAM_01,2026-06-03 16:06:19,157,"(458, 1, 611, 384)",0.9074212908744812
CAM_01,2026-06-03 16:06:19,157,"(459, 1, 612, 384)",0.905127763748169
CAM_01,2026-06-03 16:06:20,157,"(460, 1, 612, 384)",0.8995629549026489
CAM_01,2026-06-03 16:06:20,157,"(462, 1, 613, 384)",0.903861939907074
CAM_01,2026-06-03 16:06:20,157,"(463, 1, 614, 384)",0.9053661227226257
CAM_01,2026-06-03 16:06:20,157,"(468, 1, 617, 384)",0.9067994952201843
CAM_01,2026-06-03 16:06:20,157,"(471, 1, 619, 384)",0.9112322330474854
CAM_01,2026-06-03 16:06:21,157,"(474, 1, 624, 384)",0.9061344861984253
CAM_01,2026-06-03 16:06:21,157,"(478, 2, 628, 384)",0.8940715789794922
CAM_01,2026-06-03 16:06:21,157,"(485, 1, 633, 383)",0.8759382963180542
CAM_01,2026-06-03 16:06:21,157,"(494, 1, 642, 384)",0.8906213045120239
CAM_01,2026-06-03 16:06:22,157,"(499, 1, 648, 384)",0.9029839634895325
CAM_01,2026-06-03 16:06:22,157,"(503, 0, 652, 384)",0.9087513089179993
CAM_01,2026-06-03 16:06:22,157,"(506, 0, 657, 383)",0.9149863719940186
CAM_01,2026-06-03 16:06:22,157,"(509, 0, 663, 383)",0.9042394161224365
CAM_01,2026-06-03 16:06:23,157,"(509, 0, 667, 383)",0.8974592089653015
CAM_01,2026-06-03 16:06:23,157,"(510, 0, 673, 383)",0.8842791318893433
CAM_01,2026-06-03 16:06:23,157,"(510, 0, 681, 387)",0.8888790011405945
CAM_01,2026-06-03 16:06:23,157,"(509, 0, 684, 391)",0.8867690563201904
CAM_01,2026-06-03 16:06:24,157,"(508, 0, 685, 397)",0.900185763835907
CAM_01,2026-06-03 16:06:24,157,"(508, 0, 687, 400)",0.9059498310089111
CAM_01,2026-06-03 16:06:24,157,"(501, 1, 686, 403)",0.8944419622421265
CAM_01,2026-06-03 16:06:24,157,"(491, 1, 684, 404)",0.9088793992996216
CAM_01,2026-06-03 16:06:24,157,"(477, 1, 681, 404)",0.9238433241844177
CAM_01,2026-06-03 16:06:25,157,"(471, 1, 674, 408)",0.8909642100334167
CAM_01,2026-06-03 16:06:25,157,"(471, 1, 664, 419)",0.8923487067222595
CAM_01,2026-06-03 16:06:25,157,"(474, 0, 652, 425)",0.8610907196998596
CAM_01,2026-06-03 16:06:25,157,"(470, 0, 639, 430)",0.826194167137146
CAM_01,2026-06-03 16:06:25,157,"(447, 0, 625, 430)",0.8550863265991211
CAM_01,2026-06-03 16:06:26,157,"(450, 0, 613, 429)",0.8616518378257751
CAM_01,2026-06-03 16:06:26,157,"(414, 0, 604, 429)",0.8855197429656982
CAM_01,2026-06-03 16:06:26,157,"(430, 0, 595, 429)",0.8560932874679565
CAM_01,2026-06-03 16:06:26,157,"(406, 0, 585, 429)",0.8787509799003601
CAM_01,2026-06-03 16:06:27,157,"(391, 0, 578, 429)",0.884800136089325
CAM_01,2026-06-03 16:06:27,157,"(379, 0, 572, 430)",0.88662189245224
CAM_01,2026-06-03 16:06:27,157,"(356, 0, 564, 430)",0.8958575129508972
CAM_01,2026-06-03 16:06:27,157,"(342, 0, 555, 429)",0.8982883095741272
CAM_01,2026-06-03 16:06:27,157,"(325, 0, 545, 432)",0.893899142742157
CAM_01,2026-06-03 16:06:28,157,"(311, 0, 540, 432)",0.9006033539772034
CAM_01,2026-06-03 16:06:28,157,"(286, 0, 533, 433)",0.9034321904182434
CAM_01,2026-06-03 16:06:28,157,"(286, 0, 519, 434)",0.8832436203956604
CAM_01,2026-06-03 16:06:28,157,"(244, 0, 502, 438)",0.9082981944084167
CAM_01,2026-06-03 16:06:28,157,"(217, 0, 472, 459)",0.8628628849983215
CAM_01,2026-06-03 16:06:29,157,"(209, 0, 455, 486)",0.8766809105873108
CAM_01,2026-06-03 16:06:29,157,"(188, 4, 447, 509)",0.8758615851402283
CAM_01,2026-06-03 16:06:29,157,"(158, 11, 444, 526)",0.9189835786819458
CAM_01,2026-06-03 16:06:29,157,"(124, 21, 410, 537)",0.8598006367683411
CAM_01,2026-06-03 16:06:30,157,"(87, 27, 375, 541)",0.9132349491119385
CAM_01,2026-06-03 16:06:30,157,"(65, 37, 355, 542)",0.9299337863922119
CAM_01,2026-06-03 16:06:30,157,"(57, 48, 347, 541)",0.9082795977592468
CAM_01,2026-06-03 16:06:30,157,"(45, 59, 343, 542)",0.907177209854126
CAM_01,2026-06-03 16:06:30,157,"(48, 70, 341, 555)",0.9041263461112976
CAM_01,2026-06-03 16:06:31,157,"(15, 78, 338, 564)",0.9255715012550354
CAM_01,2026-06-03 16:06:31,157,"(0, 83, 328, 565)",0.9403086304664612
CAM_01,2026-06-03 16:06:31,157,"(0, 85, 310, 567)",0.9381030201911926
CAM_01,2026-06-03 16:06:31,157,"(0, 91, 260, 573)",0.8716173768043518
CAM_01,2026-06-03 16:06:32,157,"(0, 107, 223, 580)",0.88431715965271
CAM_01,2026-06-03 16:06:32,157,"(0, 129, 214, 636)",0.8450928330421448
CAM_01,2026-06-03 16:06:32,157,"(0, 148, 212, 661)",0.884939968585968
CAM_01,2026-06-03 16:06:32,157,"(0, 167, 211, 684)",0.8819464445114136
CAM_01,2026-06-03 16:06:32,157,"(0, 179, 206, 692)",0.5811637043952942
CAM_01,2026-06-03 16:06:33,172,"(0, 421, 98, 693)",0.5623043179512024
CAM_01,2026-06-03 16:07:11,176,"(0, 256, 286, 615)",0.77998948097229
CAM_01,2026-06-03 16:07:11,176,"(1, 149, 239, 605)",0.6480312943458557
CAM_01,2026-06-03 16:07:12,176,"(0, 86, 240, 584)",0.8802353143692017
CAM_01,2026-06-03 16:07:12,176,"(0, 59, 234, 570)",0.8299420475959778
CAM_01,2026-06-03 16:07:12,176,"(1, 47, 264, 562)",0.85358065366745
CAM_01,2026-06-03 16:07:12,176,"(0, 39, 267, 560)",0.8824169635772705
CAM_01,2026-06-03 16:07:12,176,"(1, 33, 267, 558)",0.9089328646659851
CAM_01,2026-06-03 16:07:13,176,"(0, 26, 271, 558)",0.9119080305099487
CAM_01,2026-06-03 16:07:13,176,"(0, 16, 274, 554)",0.9040101766586304
CAM_01,2026-06-03 16:07:13,176,"(10, 5, 250, 549)",0.8906591534614563
CAM_01,2026-06-03 16:07:13,176,"(22, 0, 263, 537)",0.8974078893661499
CAM_01,2026-06-03 16:07:14,176,"(33, 0, 270, 518)",0.8418421745300293
CAM_01,2026-06-03 16:07:14,176,"(47, 0, 291, 487)",0.8362792134284973
CAM_01,2026-06-03 16:07:14,176,"(65, 0, 307, 474)",0.8760086297988892
CAM_01,2026-06-03 16:07:14,176,"(84, 0, 314, 470)",0.8852765560150146
CAM_01,2026-06-03 16:07:15,176,"(101, 0, 329, 465)",0.8767460584640503
CAM_01,2026-06-03 16:07:15,176,"(127, 0, 337, 452)",0.8844683170318604
CAM_01,2026-06-03 16:07:15,176,"(142, 0, 340, 437)",0.8799079656600952
CAM_01,2026-06-03 16:07:15,176,"(152, 0, 338, 414)",0.8888809680938721
CAM_01,2026-06-03 16:07:16,176,"(161, 0, 337, 403)",0.8939634561538696
CAM_01,2026-06-03 16:07:16,176,"(169, 0, 340, 400)",0.8783735632896423
CAM_01,2026-06-03 16:07:16,176,"(173, 0, 341, 400)",0.8777598738670349
CAM_01,2026-06-03 16:07:16,176,"(174, 0, 343, 399)",0.883455216884613
CAM_01,2026-06-03 16:07:17,176,"(175, 0, 340, 400)",0.8768202066421509
CAM_01,2026-06-03 16:07:17,176,"(175, 0, 337, 397)",0.8443774580955505
CAM_01,2026-06-03 16:07:17,176,"(173, 2, 339, 393)",0.8331136703491211
CAM_01,2026-06-03 16:07:17,176,"(169, 2, 342, 384)",0.8360785245895386
CAM_01,2026-06-03 16:07:17,176,"(164, 2, 343, 372)",0.8215981125831604
CAM_01,2026-06-03 16:07:18,176,"(161, 2, 338, 346)",0.8430556058883667
CAM_01,2026-06-03 16:07:18,176,"(160, 2, 336, 336)",0.8088440299034119
CAM_01,2026-06-03 16:07:18,176,"(160, 2, 335, 331)",0.8321051597595215
CAM_01,2026-06-03 16:07:18,176,"(161, 1, 336, 329)",0.7584369778633118
CAM_01,2026-06-03 16:07:18,176,"(163, 1, 337, 326)",0.8286320567131042
CAM_01,2026-06-03 16:07:19,176,"(167, 0, 332, 317)",0.8364704847335815
CAM_01,2026-06-03 16:07:19,176,"(169, 1, 325, 309)",0.7557139992713928
CAM_01,2026-06-03 16:07:19,176,"(172, 0, 332, 288)",0.7142175436019897
CAM_01,2026-06-03 16:07:19,176,"(175, 1, 321, 276)",0.7547017335891724
CAM_01,2026-06-03 16:07:20,176,"(179, 1, 328, 274)",0.7514524459838867
CAM_01,2026-06-03 16:07:20,176,"(182, 1, 331, 273)",0.6972094774246216
CAM_01,2026-06-03 16:07:21,176,"(200, 2, 324, 250)",0.6732408404350281
CAM_01,2026-06-03 16:07:21,176,"(205, 1, 337, 234)",0.8140602111816406
CAM_01,2026-06-03 16:07:21,176,"(208, 1, 345, 227)",0.7710781097412109
CAM_01,2026-06-03 16:07:21,176,"(214, 1, 343, 223)",0.6771183013916016
CAM_01,2026-06-03 16:07:21,176,"(224, 0, 347, 222)",0.69477379322052
CAM_01,2026-06-03 16:07:22,176,"(230, 0, 347, 216)",0.7690401077270508
CAM_01,2026-06-03 16:07:22,176,"(236, 0, 347, 210)",0.8262485265731812
CAM_01,2026-06-03 16:07:22,176,"(246, 0, 348, 202)",0.8163411021232605
CAM_01,2026-06-03 16:07:22,176,"(257, 0, 345, 190)",0.7422095537185669
CAM_01,2026-06-03 16:07:22,176,"(268, 0, 346, 184)",0.5392478704452515
CAM_01,2026-06-03 16:07:23,176,"(273, 1, 354, 182)",0.5601781606674194
CAM_01,2026-06-03 16:07:23,176,"(279, 1, 384, 182)",0.8213503360748291
CAM_01,2026-06-03 16:07:23,176,"(286, 1, 396, 182)",0.7339913249015808
CAM_01,2026-06-03 16:07:23,176,"(294, 0, 378, 180)",0.7785599827766418
CAM_01,2026-06-03 16:07:23,176,"(300, 1, 375, 179)",0.7480692267417908
CAM_01,2026-06-03 16:07:24,176,"(304, 0, 375, 179)",0.796756386756897
CAM_01,2026-06-03 16:07:24,176,"(306, 0, 377, 178)",0.8053274750709534
CAM_01,2026-06-03 16:07:24,176,"(309, 0, 382, 173)",0.7356721758842468
CAM_01,2026-06-03 16:07:24,176,"(315, 1, 387, 168)",0.7432945370674133
CAM_01,2026-06-03 16:07:24,176,"(324, 1, 390, 166)",0.7936985492706299
CAM_01,2026-06-03 16:07:25,176,"(330, 1, 395, 165)",0.790876567363739
CAM_01,2026-06-03 16:07:25,176,"(335, 1, 408, 162)",0.8370580077171326
CAM_01,2026-06-03 16:07:25,176,"(337, 0, 425, 160)",0.822571873664856
CAM_01,2026-06-03 16:07:25,176,"(341, 0, 441, 159)",0.8849401473999023
CAM_01,2026-06-03 16:07:26,176,"(344, 0, 454, 158)",0.8921299576759338
CAM_01,2026-06-03 16:07:26,176,"(345, 0, 460, 156)",0.8734601140022278
CAM_01,2026-06-03 16:07:26,176,"(348, 0, 464, 154)",0.8970469236373901
CAM_01,2026-06-03 16:07:26,176,"(362, 1, 464, 154)",0.5987294316291809
CAM_01,2026-06-03 16:07:27,176,"(395, 1, 462, 153)",0.7143356204032898
CAM_01,2026-06-03 16:07:27,176,"(405, 1, 468, 155)",0.5490328669548035
CAM_01,2026-06-03 16:07:27,176,"(413, 0, 468, 156)",0.6208226084709167
CAM_01,2026-06-03 16:07:27,176,"(416, 0, 503, 155)",0.7829274535179138
CAM_01,2026-06-03 16:07:27,176,"(420, 0, 516, 155)",0.8486204147338867
CAM_01,2026-06-03 16:07:28,176,"(420, 0, 525, 155)",0.855751097202301
CAM_01,2026-06-03 16:07:28,176,"(420, 0, 521, 154)",0.8016728758811951
CAM_01,2026-06-03 16:07:28,176,"(423, 1, 515, 155)",0.784179151058197
CAM_01,2026-06-03 16:07:28,176,"(428, 1, 516, 155)",0.7068785429000854
CAM_01,2026-06-03 16:07:28,176,"(445, 1, 521, 153)",0.7704090476036072
CAM_01,2026-06-03 16:07:29,176,"(463, 0, 528, 151)",0.6450047492980957
CAM_01,2026-06-03 16:07:29,176,"(481, 0, 574, 148)",0.6591163277626038
CAM_01,2026-06-03 16:07:30,176,"(485, 1, 582, 151)",0.7239515781402588
CAM_01,2026-06-03 16:07:30,176,"(486, 0, 585, 145)",0.6981020569801331
CAM_01,2026-06-03 16:07:30,176,"(495, 0, 592, 144)",0.6789132356643677
CAM_01,2026-06-03 16:07:30,176,"(504, 1, 595, 149)",0.6039203405380249
CAM_01,2026-06-03 16:07:31,176,"(544, 1, 604, 151)",0.7627325654029846
CAM_01,2026-06-03 16:07:31,176,"(552, 0, 611, 152)",0.6883622407913208
CAM_01,2026-06-03 16:07:31,176,"(555, 0, 627, 153)",0.6861262321472168
CAM_01,2026-06-03 16:07:31,176,"(556, 0, 639, 153)",0.7558303475379944
CAM_01,2026-06-03 16:07:32,176,"(559, 0, 641, 152)",0.736163854598999
CAM_01,2026-06-03 16:07:32,176,"(560, 0, 650, 152)",0.5959151983261108
CAM_01,2026-06-03 16:07:32,176,"(561, 0, 656, 152)",0.5643029808998108
CAM_01,2026-06-03 16:07:32,176,"(587, 1, 667, 152)",0.7328748106956482
CAM_01,2026-06-03 16:07:33,176,"(606, 1, 674, 158)",0.7314004898071289
CAM_01,2026-06-03 16:07:33,176,"(612, 0, 680, 151)",0.6816434264183044
CAM_01,2026-06-03 16:07:33,176,"(614, 0, 698, 161)",0.7164524793624878
CAM_01,2026-06-03 16:07:33,176,"(615, 1, 713, 167)",0.8015859127044678
CAM_01,2026-06-03 16:07:33,176,"(617, 0, 731, 170)",0.5017662048339844
CAM_01,2026-06-03 16:07:34,176,"(620, 0, 730, 173)",0.6927346587181091
CAM_01,2026-06-03 16:07:34,176,"(624, 0, 758, 175)",0.735803484916687
CAM_01,2026-06-03 16:07:34,176,"(644, 0, 771, 175)",0.813816249370575
CAM_01,2026-06-03 16:07:34,176,"(666, 0, 771, 176)",0.7411466836929321
CAM_01,2026-06-03 16:07:34,176,"(675, 0, 766, 176)",0.6752339005470276
CAM_01,2026-06-03 16:07:35,176,"(677, 0, 801, 177)",0.7420790195465088
CAM_01,2026-06-03 16:07:35,176,"(680, 0, 820, 176)",0.762685239315033
CAM_01,2026-06-03 16:07:35,176,"(683, 0, 829, 175)",0.7982435822486877
CAM_01,2026-06-03 16:07:35,176,"(689, 0, 840, 174)",0.8626706004142761
CAM_01,2026-06-03 16:07:36,176,"(698, 0, 845, 173)",0.8131334781646729
CAM_01,2026-06-03 16:07:36,176,"(719, 0, 854, 170)",0.8360695838928223
CAM_01,2026-06-03 16:07:36,176,"(738, 0, 856, 169)",0.8008494973182678
CAM_01,2026-06-03 16:07:36,176,"(745, 0, 865, 163)",0.8506870269775391
CAM_01,2026-06-03 16:07:36,176,"(747, 0, 851, 161)",0.7872994542121887
CAM_01,2026-06-03 16:07:37,176,"(748, 0, 863, 161)",0.7650797367095947
CAM_01,2026-06-03 16:07:37,176,"(750, 0, 883, 161)",0.6915347576141357
CAM_01,2026-06-03 16:07:37,176,"(753, 0, 897, 161)",0.8539026379585266
CAM_01,2026-06-03 16:07:37,176,"(768, 0, 910, 152)",0.7668157815933228
CAM_01,2026-06-03 16:07:38,176,"(786, 0, 921, 139)",0.7964171171188354
CAM_01,2026-06-03 16:07:41,205,"(652, 1, 765, 298)",0.7065436840057373
CAM_01,2026-06-03 16:07:41,205,"(650, 0, 765, 284)",0.7005639672279358
CAM_01,2026-06-03 16:07:41,205,"(648, 0, 764, 279)",0.7581012845039368
CAM_01,2026-06-03 16:07:42,205,"(645, 0, 761, 275)",0.7747197151184082
CAM_01,2026-06-03 16:07:42,205,"(645, 0, 757, 275)",0.7802223563194275
CAM_01,2026-06-03 16:07:42,205,"(635, 0, 752, 290)",0.761562168598175
CAM_01,2026-06-03 16:07:42,205,"(620, 0, 745, 294)",0.8030640482902527
CAM_01,2026-06-03 16:07:42,205,"(608, 1, 736, 297)",0.7994868755340576
CAM_01,2026-06-03 16:07:43,205,"(588, 2, 720, 293)",0.5555473566055298
CAM_01,2026-06-03 16:07:43,205,"(576, 2, 708, 297)",0.552711546421051
CAM_01,2026-06-03 16:07:43,205,"(560, 2, 696, 299)",0.5511102080345154
CAM_01,2026-06-03 16:07:43,205,"(552, 2, 688, 193)",0.5938441157341003
CAM_01,2026-06-03 16:07:44,205,"(544, 1, 681, 188)",0.7929611206054688
CAM_01,2026-06-03 16:07:44,205,"(539, 1, 677, 180)",0.7494732141494751
CAM_01,2026-06-03 16:07:44,205,"(534, 1, 674, 177)",0.7251230478286743
CAM_01,2026-06-03 16:07:44,205,"(531, 2, 669, 172)",0.6734216213226318
CAM_01,2026-06-03 16:07:45,205,"(527, 2, 667, 166)",0.5184443593025208
CAM_01,2026-06-03 16:07:45,205,"(516, 1, 665, 168)",0.5148834586143494
CAM_01,2026-06-03 16:07:46,205,"(517, 3, 666, 175)",0.5601661801338196
CAM_01,2026-06-03 16:07:46,203,"(526, 0, 673, 375)",0.759013295173645
CAM_01,2026-06-03 16:07:47,203,"(522, 0, 675, 393)",0.8386407494544983
CAM_01,2026-06-03 16:07:47,203,"(520, 0, 674, 419)",0.8378092646598816
CAM_01,2026-06-03 16:07:47,203,"(518, 0, 672, 436)",0.8506304621696472
CAM_01,2026-06-03 16:07:47,203,"(516, 0, 669, 456)",0.8531690239906311
CAM_01,2026-06-03 16:07:47,203,"(510, 2, 671, 467)",0.8735241889953613
CAM_01,2026-06-03 16:07:48,203,"(500, 6, 662, 474)",0.8238664269447327
CAM_01,2026-06-03 16:07:48,203,"(495, 10, 678, 477)",0.8098713755607605
CAM_01,2026-06-03 16:07:48,203,"(491, 14, 659, 474)",0.8450698852539062
CAM_01,2026-06-03 16:07:48,203,"(487, 18, 651, 475)",0.8711025714874268
CAM_01,2026-06-03 16:07:48,203,"(468, 25, 644, 483)",0.8888071179389954
CAM_01,2026-06-03 16:07:49,203,"(457, 31, 641, 501)",0.9009564518928528
CAM_01,2026-06-03 16:07:49,203,"(453, 35, 638, 515)",0.8806629776954651
CAM_01,2026-06-03 16:07:49,203,"(453, 38, 640, 530)",0.8894869089126587
CAM_01,2026-06-03 16:07:49,203,"(452, 44, 649, 540)",0.8979235887527466
CAM_01,2026-06-03 16:07:50,203,"(452, 49, 661, 555)",0.9124846458435059
CAM_01,2026-06-03 16:07:50,203,"(455, 56, 667, 568)",0.9023742079734802
CAM_01,2026-06-03 16:07:50,203,"(457, 64, 674, 583)",0.9064321517944336
CAM_01,2026-06-03 16:07:50,203,"(457, 73, 684, 591)",0.9035088419914246
CAM_01,2026-06-03 16:07:50,203,"(458, 86, 696, 598)",0.9113448858261108
CAM_01,2026-06-03 16:07:51,203,"(466, 97, 711, 600)",0.9187203049659729
CAM_01,2026-06-03 16:07:51,203,"(481, 107, 719, 601)",0.9072099924087524
CAM_01,2026-06-03 16:07:51,203,"(510, 111, 736, 602)",0.8964537382125854
CAM_01,2026-06-03 16:07:51,203,"(544, 115, 760, 624)",0.916517436504364
CAM_01,2026-06-03 16:07:52,203,"(566, 119, 780, 642)",0.9186528921127319
CAM_01,2026-06-03 16:07:52,203,"(585, 127, 799, 659)",0.9226714968681335
CAM_01,2026-06-03 16:07:52,203,"(601, 132, 815, 668)",0.9216983318328857
CAM_01,2026-06-03 16:07:52,203,"(618, 135, 837, 673)",0.8921008706092834
CAM_01,2026-06-03 16:07:52,203,"(631, 136, 862, 675)",0.8900238275527954
CAM_01,2026-06-03 16:07:53,203,"(653, 137, 874, 677)",0.908494234085083
CAM_01,2026-06-03 16:07:53,203,"(663, 135, 885, 678)",0.9061756730079651
CAM_01,2026-06-03 16:07:53,203,"(671, 133, 914, 667)",0.9087153077125549
CAM_01,2026-06-03 16:07:53,203,"(687, 131, 937, 645)",0.9069465398788452
CAM_01,2026-06-03 16:07:54,203,"(704, 129, 950, 621)",0.8952944278717041
CAM_01,2026-06-03 16:07:54,203,"(734, 122, 959, 610)",0.8866679072380066
CAM_01,2026-06-03 16:07:54,203,"(749, 114, 961, 606)",0.8958686590194702
CAM_01,2026-06-03 16:07:54,203,"(746, 105, 954, 601)",0.8874301314353943
CAM_01,2026-06-03 16:07:55,203,"(745, 95, 945, 593)",0.8947157859802246
CAM_01,2026-06-03 16:07:55,203,"(743, 90, 937, 580)",0.8893585801124573
CAM_01,2026-06-03 16:07:55,203,"(740, 84, 926, 558)",0.8954319357872009
CAM_01,2026-06-03 16:07:55,203,"(729, 78, 908, 529)",0.8363612294197083
CAM_01,2026-06-03 16:07:56,203,"(725, 73, 895, 519)",0.8328673839569092
CAM_01,2026-06-03 16:07:56,203,"(702, 68, 887, 514)",0.8269522190093994
CAM_01,2026-06-03 16:07:56,203,"(696, 63, 885, 514)",0.8321642279624939
CAM_01,2026-06-03 16:07:56,203,"(721, 53, 878, 510)",0.8387693762779236
CAM_01,2026-06-03 16:07:57,203,"(720, 39, 878, 500)",0.8610784411430359
CAM_01,2026-06-03 16:07:57,203,"(716, 29, 876, 488)",0.8360923528671265
CAM_01,2026-06-03 16:07:57,203,"(702, 18, 873, 468)",0.7275140881538391
CAM_01,2026-06-03 16:07:57,203,"(691, 12, 871, 449)",0.8094195127487183
CAM_01,2026-06-03 16:07:57,203,"(684, 11, 864, 420)",0.7222967147827148
CAM_01,2026-06-03 16:07:58,203,"(674, 9, 857, 405)",0.8285483717918396
CAM_01,2026-06-03 16:07:58,203,"(655, 10, 846, 405)",0.8157352209091187
CAM_01,2026-06-03 16:07:58,203,"(639, 12, 835, 410)",0.6273614764213562
CAM_01,2026-06-03 16:07:58,203,"(633, 13, 826, 402)",0.6787680387496948
CAM_01,2026-06-03 16:07:59,203,"(628, 13, 811, 412)",0.5906421542167664
CAM_01,2026-06-03 16:07:59,203,"(623, 14, 803, 423)",0.5014058351516724
CAM_01,2026-06-03 16:08:00,203,"(581, 18, 737, 230)",0.5971461534500122
CAM_01,2026-06-03 16:08:00,218,"(550, 14, 726, 556)",0.683804452419281
CAM_01,2026-06-03 16:08:00,218,"(541, 6, 721, 577)",0.644576907157898
CAM_01,2026-06-03 16:08:01,218,"(531, 5, 724, 579)",0.608771562576294
CAM_01,2026-06-03 16:08:01,218,"(518, 13, 729, 545)",0.8085559010505676
CAM_01,2026-06-03 16:08:01,218,"(512, 22, 734, 543)",0.8099923729896545
CAM_01,2026-06-03 16:08:01,218,"(506, 30, 726, 541)",0.5291784405708313
CAM_01,2026-06-03 16:08:02,218,"(505, 47, 699, 542)",0.6731964945793152
CAM_01,2026-06-03 16:08:03,218,"(507, 55, 700, 546)",0.6707884669303894
CAM_01,2026-06-03 16:08:03,218,"(516, 62, 722, 563)",0.9147154092788696
CAM_01,2026-06-03 16:08:03,218,"(521, 71, 733, 594)",0.9162642359733582
CAM_01,2026-06-03 16:08:03,218,"(524, 80, 739, 615)",0.8937061429023743
CAM_01,2026-06-03 16:08:04,218,"(524, 92, 743, 626)",0.8932036757469177
CAM_01,2026-06-03 16:08:04,218,"(524, 111, 751, 634)",0.9090445041656494
CAM_01,2026-06-03 16:08:04,218,"(525, 122, 757, 638)",0.9075737595558167
CAM_01,2026-06-03 16:08:04,218,"(530, 135, 762, 639)",0.9211496710777283
CAM_01,2026-06-03 16:08:05,218,"(534, 144, 768, 646)",0.8776146173477173
CAM_01,2026-06-03 16:08:05,218,"(536, 155, 777, 645)",0.878415584564209
CAM_01,2026-06-03 16:08:05,218,"(539, 162, 781, 639)",0.914823055267334
CAM_01,2026-06-03 16:08:05,218,"(543, 177, 797, 664)",0.8357540369033813
CAM_01,2026-06-03 16:08:05,218,"(547, 190, 816, 682)",0.8136262893676758
CAM_01,2026-06-03 16:08:06,218,"(551, 207, 834, 702)",0.8925133347511292
CAM_01,2026-06-03 16:08:06,218,"(554, 221, 841, 710)",0.87103670835495
CAM_01,2026-06-03 16:08:06,218,"(591, 306, 956, 717)",0.9067562818527222
CAM_01,2026-06-03 16:08:07,238,"(1041, 458, 1279, 714)",0.6399165987968445
CAM_01,2026-06-03 16:08:13,250,"(1055, 1, 1279, 263)",0.5691021084785461
CAM_01,2026-06-03 16:08:13,250,"(1055, 0, 1279, 267)",0.6828969120979309
CAM_01,2026-06-03 16:08:13,250,"(1055, 1, 1279, 269)",0.7205764055252075
CAM_01,2026-06-03 16:08:13,250,"(1055, 2, 1279, 269)",0.6226499080657959
CAM_01,2026-06-03 16:08:13,250,"(1054, 3, 1279, 269)",0.5418519377708435
CAM_01,2026-06-03 16:08:14,250,"(1053, 3, 1279, 270)",0.5472124218940735
CAM_01,2026-06-03 16:08:15,250,"(1054, 2, 1279, 266)",0.5254386067390442
CAM_01,2026-06-03 16:08:16,250,"(1054, 1, 1279, 267)",0.5562394261360168
CAM_01,2026-06-03 16:08:23,264,"(1104, 35, 1235, 145)",0.5176678895950317
CAM_01,2026-06-03 16:08:24,264,"(1104, 36, 1234, 145)",0.5180762410163879
CAM_01,2026-06-03 16:08:24,264,"(1104, 36, 1234, 145)",0.5163215398788452
CAM_01,2026-06-04 17:08:08,31,"(0, 525, 130, 712)",0.602886438369751
CAM_01,2026-06-04 17:08:08,31,"(0, 485, 131, 717)",0.7047942280769348
CAM_01,2026-06-04 17:08:09,31,"(0, 471, 168, 719)",0.7243248820304871
CAM_01,2026-06-04 17:08:09,31,"(0, 465, 200, 717)",0.531409740447998
CAM_01,2026-06-04 17:08:09,31,"(0, 299, 224, 701)",0.8807085752487183
CAM_01,2026-06-04 17:08:10,31,"(0, 238, 235, 696)",0.8219576478004456
CAM_01,2026-06-04 17:08:10,31,"(27, 137, 294, 688)",0.9226732850074768
CAM_01,2026-06-04 17:08:11,35,"(465, 1, 596, 384)",0.8599661588668823
CAM_01,2026-06-04 17:08:11,35,"(463, 1, 600, 277)",0.5243496894836426
CAM_01,2026-06-04 17:08:11,35,"(462, 2, 603, 257)",0.5811235308647156
CAM_01,2026-06-04 17:08:11,36,"(462, 1, 552, 258)",0.6714970469474792
CAM_01,2026-06-04 17:08:12,35,"(462, 1, 599, 253)",0.7097113132476807
CAM_01,2026-06-04 17:08:12,36,"(462, 1, 554, 258)",0.6634420156478882
CAM_01,2026-06-04 17:08:12,35,"(463, 0, 606, 253)",0.7299331426620483
CAM_01,2026-06-04 17:08:12,36,"(462, 1, 555, 259)",0.6079726815223694
CAM_01,2026-06-04 17:08:12,35,"(463, 0, 606, 254)",0.7227432131767273
CAM_01,2026-06-04 17:08:12,36,"(463, 1, 557, 259)",0.6771735548973083
CAM_01,2026-06-04 17:08:13,35,"(463, 0, 596, 254)",0.6919775009155273
CAM_01,2026-06-04 17:08:13,36,"(463, 1, 554, 259)",0.6683299541473389
CAM_01,2026-06-04 17:08:13,35,"(464, 1, 585, 255)",0.6802420020103455
CAM_01,2026-06-04 17:08:13,35,"(459, 1, 581, 256)",0.7442030906677246
CAM_01,2026-06-04 17:08:13,35,"(447, 0, 582, 256)",0.8368668556213379
CAM_01,2026-06-04 17:08:14,35,"(457, 1, 615, 278)",0.7785570621490479
CAM_01,2026-06-04 17:08:14,35,"(462, 2, 635, 286)",0.7455400228500366
CAM_01,2026-06-04 17:08:14,35,"(464, 2, 642, 290)",0.7349069118499756
CAM_01,2026-06-04 17:08:15,35,"(465, 2, 647, 291)",0.7536559104919434
CAM_01,2026-06-04 17:08:15,35,"(466, 2, 640, 291)",0.7394310832023621
CAM_01,2026-06-04 17:08:15,35,"(466, 2, 634, 291)",0.7440091371536255
CAM_01,2026-06-04 17:08:16,35,"(466, 2, 641, 292)",0.7471162676811218
CAM_01,2026-06-04 17:08:16,35,"(466, 2, 644, 292)",0.7450929284095764
CAM_01,2026-06-04 17:08:16,35,"(467, 2, 635, 292)",0.7230373024940491
CAM_01,2026-06-04 17:08:16,35,"(467, 2, 625, 292)",0.8305909633636475
CAM_01,2026-06-04 17:08:17,35,"(467, 2, 623, 291)",0.8233840465545654
CAM_01,2026-06-04 17:08:17,35,"(465, 2, 621, 291)",0.8224027156829834
CAM_01,2026-06-04 17:08:17,35,"(465, 2, 614, 292)",0.8189031481742859
CAM_01,2026-06-04 17:08:17,35,"(465, 2, 605, 292)",0.8196728229522705
CAM_01,2026-06-04 17:08:18,35,"(466, 2, 610, 291)",0.8054615259170532
CAM_01,2026-06-04 17:08:18,35,"(466, 2, 610, 291)",0.8067432045936584
CAM_01,2026-06-04 17:08:18,35,"(466, 1, 615, 291)",0.8165732622146606
CAM_01,2026-06-04 17:08:18,35,"(465, 1, 618, 291)",0.8238141536712646
CAM_01,2026-06-04 17:08:19,35,"(465, 1, 620, 291)",0.831697940826416
CAM_01,2026-06-04 17:08:19,35,"(465, 1, 621, 291)",0.8306665420532227
CAM_01,2026-06-04 17:08:19,35,"(465, 1, 621, 291)",0.8294791579246521
CAM_01,2026-06-04 17:08:19,35,"(465, 1, 621, 291)",0.8237624764442444
CAM_01,2026-06-04 17:08:20,35,"(465, 1, 619, 291)",0.811363697052002
CAM_01,2026-06-04 17:08:20,35,"(465, 1, 618, 291)",0.810956597328186
CAM_01,2026-06-04 17:08:20,35,"(465, 1, 618, 291)",0.81207674741745
CAM_01,2026-06-04 17:08:20,35,"(465, 1, 618, 291)",0.81371009349823
CAM_01,2026-06-04 17:08:20,35,"(465, 1, 617, 291)",0.812654972076416
CAM_01,2026-06-04 17:08:21,35,"(465, 1, 617, 291)",0.8128846883773804
CAM_01,2026-06-04 17:08:21,35,"(465, 1, 618, 291)",0.8155018091201782
CAM_01,2026-06-04 17:08:21,35,"(465, 1, 618, 291)",0.8149624466896057
CAM_01,2026-06-04 17:08:21,35,"(465, 1, 619, 291)",0.819014310836792
CAM_01,2026-06-04 17:08:22,35,"(465, 2, 621, 291)",0.8136458992958069
CAM_01,2026-06-04 17:08:22,35,"(465, 2, 622, 291)",0.8162725567817688
CAM_01,2026-06-04 17:08:22,35,"(465, 2, 623, 291)",0.8147940635681152
CAM_01,2026-06-04 17:08:22,35,"(465, 2, 622, 291)",0.8169211745262146
CAM_01,2026-06-04 17:08:22,35,"(465, 1, 622, 291)",0.8162966966629028
CAM_01,2026-06-04 17:08:23,35,"(465, 1, 622, 291)",0.813187837600708
CAM_01,2026-06-04 17:08:23,35,"(465, 1, 621, 291)",0.8113810420036316
CAM_01,2026-06-04 17:08:23,35,"(465, 1, 621, 291)",0.8111262917518616
CAM_01,2026-06-04 17:08:23,35,"(465, 1, 621, 291)",0.812840461730957
CAM_01,2026-06-04 17:08:24,35,"(466, 1, 621, 291)",0.812167763710022
CAM_01,2026-06-04 17:08:24,35,"(466, 1, 621, 291)",0.8122329115867615
CAM_01,2026-06-04 17:08:24,35,"(466, 1, 621, 291)",0.81131511926651
CAM_01,2026-06-04 17:08:24,35,"(466, 1, 622, 291)",0.8179409503936768
CAM_01,2026-06-04 17:08:24,35,"(466, 1, 623, 291)",0.8233404755592346
CAM_01,2026-06-04 17:08:25,35,"(465, 1, 622, 291)",0.8226227760314941
CAM_01,2026-06-04 17:08:25,35,"(465, 1, 622, 291)",0.8198117613792419
CAM_01,2026-06-04 17:08:25,35,"(465, 1, 620, 291)",0.8218944072723389
CAM_01,2026-06-04 17:08:25,35,"(465, 1, 620, 291)",0.8233788013458252
CAM_01,2026-06-04 17:08:26,35,"(465, 1, 620, 291)",0.8240084648132324
CAM_01,2026-06-04 17:08:26,35,"(464, 1, 621, 291)",0.8238243460655212
CAM_01,2026-06-04 17:08:26,35,"(464, 1, 620, 291)",0.8233683109283447
CAM_01,2026-06-04 17:08:26,35,"(464, 1, 618, 291)",0.8228963613510132
CAM_01,2026-06-04 17:08:27,35,"(464, 1, 618, 291)",0.822765588760376
CAM_01,2026-06-04 17:08:27,35,"(464, 1, 618, 291)",0.8253263831138611
CAM_01,2026-06-04 17:08:27,35,"(464, 1, 619, 291)",0.8240018486976624
CAM_01,2026-06-04 17:08:27,35,"(464, 1, 618, 291)",0.8223519921302795
CAM_01,2026-06-04 17:08:27,35,"(464, 1, 614, 291)",0.825989842414856
CAM_01,2026-06-04 17:08:28,35,"(464, 1, 610, 291)",0.8251734972000122
CAM_01,2026-06-04 17:08:28,35,"(465, 1, 608, 291)",0.8103334307670593
CAM_01,2026-06-04 17:08:28,35,"(465, 1, 605, 291)",0.8127484321594238
CAM_01,2026-06-04 17:08:28,35,"(465, 1, 605, 291)",0.8086950182914734
CAM_01,2026-06-04 17:08:29,35,"(465, 1, 611, 291)",0.8078585267066956
CAM_01,2026-06-04 17:08:29,35,"(465, 1, 613, 291)",0.8081976175308228
CAM_01,2026-06-04 17:08:29,35,"(465, 1, 613, 291)",0.8120964765548706
CAM_01,2026-06-04 17:08:29,35,"(464, 1, 614, 291)",0.8121357560157776
CAM_01,2026-06-04 17:08:29,35,"(464, 1, 616, 291)",0.8143905401229858
CAM_01,2026-06-04 17:08:30,35,"(465, 1, 607, 289)",0.8021232485771179
CAM_01,2026-06-04 17:08:30,35,"(466, 1, 604, 288)",0.8005920052528381
CAM_01,2026-06-04 17:08:30,35,"(466, 1, 613, 290)",0.8032805919647217
CAM_01,2026-06-04 17:08:30,35,"(465, 1, 613, 291)",0.8022971749305725
CAM_01,2026-06-04 17:08:31,35,"(465, 1, 614, 292)",0.7995691895484924
CAM_01,2026-06-04 17:08:31,35,"(465, 1, 615, 292)",0.7982965111732483
CAM_01,2026-06-04 17:08:31,35,"(466, 1, 606, 289)",0.8021922707557678
CAM_01,2026-06-04 17:08:31,35,"(465, 1, 605, 291)",0.8117360472679138
CAM_01,2026-06-04 17:08:32,35,"(465, 1, 602, 288)",0.8115631937980652
CAM_01,2026-06-04 17:08:32,35,"(464, 1, 607, 290)",0.8217324614524841
CAM_01,2026-06-04 17:08:32,35,"(464, 1, 610, 290)",0.8247286081314087
CAM_01,2026-06-04 17:08:32,35,"(463, 2, 611, 290)",0.8260282874107361
CAM_01,2026-06-04 17:08:32,35,"(463, 2, 616, 290)",0.8326421976089478
CAM_01,2026-06-04 17:08:33,35,"(463, 2, 619, 290)",0.8359624147415161
CAM_01,2026-06-04 17:08:33,35,"(463, 2, 619, 290)",0.844287097454071
CAM_01,2026-06-04 17:08:33,35,"(463, 2, 619, 290)",0.8447762727737427
CAM_01,2026-06-04 17:08:33,35,"(463, 2, 619, 290)",0.8463556170463562
CAM_01,2026-06-04 17:08:34,35,"(463, 2, 619, 290)",0.8494599461555481
CAM_01,2026-06-04 17:08:34,35,"(464, 2, 621, 291)",0.8382270932197571
CAM_01,2026-06-04 17:08:34,35,"(463, 2, 621, 292)",0.8437651991844177
CAM_01,2026-06-04 17:08:34,35,"(463, 2, 622, 292)",0.8545067310333252
CAM_01,2026-06-04 17:08:35,35,"(463, 2, 621, 292)",0.8530368208885193
CAM_01,2026-06-04 17:08:35,35,"(464, 2, 622, 292)",0.8487566113471985
CAM_01,2026-06-04 17:08:35,35,"(464, 1, 622, 292)",0.8513948917388916
CAM_01,2026-06-04 17:08:35,35,"(465, 1, 622, 291)",0.8552985191345215
CAM_01,2026-06-04 17:08:36,35,"(465, 1, 622, 291)",0.8572998642921448
CAM_01,2026-06-04 17:08:36,35,"(465, 1, 622, 291)",0.8547117710113525
CAM_01,2026-06-04 17:08:36,35,"(465, 1, 621, 291)",0.8526846766471863
CAM_01,2026-06-04 17:08:37,35,"(465, 1, 621, 291)",0.8540958166122437
CAM_01,2026-06-04 17:08:38,35,"(466, 1, 621, 291)",0.8529694080352783
CAM_01,2026-06-04 17:08:38,35,"(466, 1, 621, 291)",0.8420003056526184
CAM_01,2026-06-04 17:08:39,35,"(468, 2, 612, 287)",0.7515813112258911
CAM_01,2026-06-04 17:08:39,35,"(468, 2, 621, 289)",0.7354941368103027
CAM_01,2026-06-04 17:08:40,35,"(470, 2, 611, 289)",0.7727579474449158
CAM_01,2026-06-04 17:08:40,35,"(473, 1, 642, 290)",0.8010932803153992
CAM_01,2026-06-04 17:08:41,35,"(496, 3, 631, 291)",0.8186525106430054
CAM_01,2026-06-04 17:08:41,35,"(520, 3, 630, 288)",0.8104461431503296
CAM_01,2026-06-04 17:08:42,35,"(535, 2, 632, 299)",0.8123445510864258
CAM_01,2026-06-04 17:08:42,35,"(543, 2, 634, 303)",0.8163661360740662
CAM_01,2026-06-04 17:08:43,35,"(549, 1, 635, 306)",0.8137600421905518
CAM_01,2026-06-04 17:08:43,35,"(554, 1, 636, 307)",0.8138347864151001
CAM_01,2026-06-04 17:08:44,35,"(558, 1, 642, 307)",0.8166982531547546
CAM_01,2026-06-04 17:08:44,35,"(560, 0, 649, 307)",0.7837463617324829
CAM_01,2026-06-04 17:08:45,42,"(702, 1, 837, 315)",0.8516277074813843
CAM_01,2026-06-04 17:08:46,42,"(701, 1, 837, 316)",0.8446444869041443
CAM_01,2026-06-04 17:08:47,42,"(701, 1, 836, 316)",0.8498520851135254
CAM_01,2026-06-04 17:08:47,42,"(702, 1, 835, 317)",0.8393667936325073
CAM_01,2026-06-04 17:08:48,42,"(701, 2, 834, 318)",0.8356287479400635
CAM_01,2026-06-04 17:08:48,42,"(701, 1, 834, 317)",0.839758574962616
CAM_01,2026-06-04 17:08:49,42,"(701, 1, 833, 316)",0.8508542776107788
CAM_01,2026-06-04 17:08:49,42,"(701, 2, 834, 317)",0.8260923624038696
CAM_01,2026-06-04 17:08:50,42,"(701, 0, 829, 315)",0.8213620185852051
CAM_01,2026-06-04 17:08:50,42,"(698, 1, 828, 315)",0.8450234532356262
CAM_01,2026-06-04 17:08:51,42,"(690, 1, 820, 316)",0.8215391635894775
CAM_01,2026-06-04 17:08:51,42,"(686, 1, 823, 316)",0.6607182621955872
CAM_01,2026-06-04 17:08:52,42,"(682, 0, 814, 315)",0.7027510404586792
CAM_01,2026-06-04 17:08:52,42,"(680, 2, 811, 316)",0.6556796431541443
CAM_01,2026-06-04 17:08:53,42,"(679, 2, 808, 316)",0.7045570015907288
CAM_01,2026-06-04 17:08:53,42,"(678, 2, 803, 316)",0.8074281811714172
CAM_01,2026-06-04 17:08:54,42,"(677, 2, 800, 317)",0.8163989186286926
CAM_01,2026-06-04 17:08:54,42,"(677, 1, 799, 317)",0.8227280974388123
CAM_01,2026-06-04 17:08:55,42,"(677, 1, 801, 317)",0.8248658180236816
CAM_01,2026-06-04 17:08:55,42,"(677, 2, 806, 316)",0.8186731338500977
CAM_01,2026-06-04 17:08:56,42,"(678, 1, 804, 316)",0.8254374265670776
CAM_01,2026-06-04 17:08:56,42,"(677, 1, 804, 316)",0.8301746845245361
CAM_01,2026-06-04 17:08:57,42,"(677, 2, 806, 316)",0.8142374157905579
CAM_01,2026-06-04 17:08:57,42,"(677, 2, 805, 316)",0.7711454629898071
CAM_01,2026-06-04 17:08:58,42,"(677, 2, 806, 315)",0.8308365941047668
CAM_01,2026-06-04 17:08:58,42,"(677, 1, 806, 315)",0.8230646848678589
CAM_01,2026-06-04 17:08:59,42,"(677, 2, 807, 315)",0.7666605710983276
CAM_01,2026-06-04 17:09:00,42,"(680, 3, 827, 317)",0.6176009178161621
CAM_01,2026-06-04 17:09:01,42,"(689, 1, 829, 315)",0.8301506042480469
CAM_01,2026-06-04 17:09:02,42,"(693, 0, 827, 315)",0.8268985748291016
CAM_01,2026-06-04 17:09:02,42,"(695, 0, 827, 315)",0.8352275490760803
CAM_01,2026-06-04 17:09:03,42,"(696, 0, 828, 314)",0.8272904753684998
CAM_01,2026-06-04 17:09:03,42,"(696, 0, 828, 314)",0.8293042182922363
CAM_01,2026-06-04 17:09:04,42,"(696, 0, 826, 313)",0.8358359932899475
CAM_01,2026-06-04 17:09:04,42,"(696, 0, 827, 313)",0.8317075967788696
CAM_01,2026-06-04 17:09:05,42,"(696, 0, 828, 313)",0.8369744420051575
CAM_01,2026-06-04 17:09:05,42,"(696, 0, 828, 313)",0.8349274396896362
CAM_01,2026-06-04 17:09:06,42,"(696, 0, 826, 313)",0.8397143483161926
CAM_01,2026-06-04 17:09:06,42,"(696, 0, 824, 313)",0.8342588543891907
CAM_01,2026-06-04 17:09:07,42,"(696, 0, 823, 313)",0.8321550488471985
CAM_01,2026-06-04 17:09:07,42,"(696, 0, 824, 313)",0.83305424451828
CAM_01,2026-06-04 17:09:08,42,"(696, 0, 826, 314)",0.828922688961029
CAM_01,2026-06-04 17:09:09,42,"(696, 2, 834, 315)",0.8439888954162598
CAM_01,2026-06-04 17:09:09,42,"(691, 2, 838, 315)",0.8608579635620117
CAM_01,2026-06-04 17:09:10,42,"(669, 1, 837, 318)",0.8495982885360718
CAM_01,2026-06-04 17:09:10,42,"(660, 2, 835, 317)",0.855036735534668
CAM_01,2026-06-04 17:09:11,42,"(656, 1, 833, 317)",0.8392413854598999
CAM_01,2026-06-04 17:09:11,42,"(652, 1, 832, 319)",0.8438460826873779
CAM_01,2026-06-04 17:09:11,42,"(651, 1, 831, 319)",0.8557494282722473
CAM_01,2026-06-04 17:09:11,42,"(650, 1, 830, 319)",0.8571181297302246
CAM_01,2026-06-04 17:09:11,42,"(650, 1, 830, 319)",0.859066903591156
CAM_01,2026-06-04 17:09:11,42,"(650, 1, 830, 319)",0.8678831458091736
CAM_01,2026-06-04 17:09:12,42,"(651, 1, 830, 319)",0.8722910284996033
CAM_01,2026-06-04 17:09:12,42,"(651, 1, 831, 319)",0.8768982887268066
CAM_01,2026-06-04 17:09:12,42,"(682, 0, 835, 315)",0.8666032552719116
CAM_01,2026-06-04 17:09:12,42,"(694, 0, 837, 314)",0.8644354939460754
CAM_01,2026-06-04 17:09:12,42,"(698, 0, 838, 313)",0.8621171116828918
CAM_01,2026-06-04 17:09:13,42,"(700, 0, 839, 313)",0.8575214743614197
CAM_01,2026-06-04 17:09:13,42,"(700, 0, 839, 313)",0.855678915977478
CAM_01,2026-06-04 17:09:13,42,"(700, 0, 840, 313)",0.8564707040786743
CAM_01,2026-06-04 17:09:14,42,"(700, 0, 840, 313)",0.8555623292922974
CAM_01,2026-06-04 17:09:14,42,"(700, 0, 840, 313)",0.8565734624862671
CAM_01,2026-06-04 17:09:14,42,"(700, 0, 839, 313)",0.8515253663063049
CAM_01,2026-06-04 17:09:14,42,"(700, 0, 840, 314)",0.8546324372291565
CAM_01,2026-06-04 17:09:15,42,"(700, 0, 841, 315)",0.8555941581726074
CAM_01,2026-06-04 17:09:15,42,"(700, 0, 842, 315)",0.8566827178001404
CAM_01,2026-06-04 17:09:15,42,"(700, 0, 842, 315)",0.8688702583312988
CAM_01,2026-06-04 17:09:16,42,"(700, 0, 842, 316)",0.859181821346283
CAM_01,2026-06-04 17:09:16,42,"(700, 0, 841, 315)",0.8717777132987976
CAM_01,2026-06-04 17:09:16,42,"(700, 0, 840, 315)",0.8598543405532837
CAM_01,2026-06-04 17:09:16,42,"(700, 0, 839, 316)",0.8546133637428284
CAM_01,2026-06-04 17:09:17,42,"(700, 1, 838, 316)",0.8559626936912537
CAM_01,2026-06-04 17:09:17,42,"(700, 1, 838, 315)",0.8634557127952576
CAM_01,2026-06-04 17:09:17,42,"(699, 1, 837, 315)",0.8653883337974548
CAM_01,2026-06-04 17:09:19,42,"(699, 1, 836, 315)",0.8643659949302673
CAM_01,2026-06-04 17:09:20,42,"(699, 0, 840, 314)",0.864546000957489
CAM_01,2026-06-04 17:09:22,42,"(699, 1, 839, 315)",0.854659378528595
CAM_01,2026-06-04 17:09:23,42,"(700, 1, 839, 315)",0.8591140508651733
CAM_01,2026-06-04 17:09:23,42,"(699, 1, 835, 314)",0.835625946521759
CAM_01,2026-06-04 17:09:24,42,"(700, 0, 834, 315)",0.8515443205833435
CAM_01,2026-06-04 17:09:24,42,"(700, 1, 838, 318)",0.8361233472824097
CAM_01,2026-06-04 17:09:25,42,"(699, 0, 839, 316)",0.8335682153701782
CAM_01,2026-06-04 17:09:25,42,"(698, 0, 837, 316)",0.8413630127906799
CAM_01,2026-06-04 17:09:26,42,"(698, 0, 835, 315)",0.8472983837127686
CAM_01,2026-06-04 17:09:26,42,"(698, 1, 835, 315)",0.8522735238075256
CAM_01,2026-06-04 17:09:27,42,"(698, 1, 835, 315)",0.853937029838562
CAM_01,2026-06-04 17:09:27,42,"(699, 0, 834, 315)",0.8415589928627014
CAM_01,2026-06-04 17:09:28,42,"(698, 1, 833, 316)",0.8516238927841187
CAM_01,2026-06-04 17:09:28,42,"(698, 1, 833, 317)",0.8526483178138733
CAM_01,2026-06-04 17:09:29,42,"(699, 1, 833, 317)",0.8397491574287415
CAM_01,2026-06-04 17:09:29,42,"(699, 1, 833, 317)",0.8438853025436401
CAM_01,2026-06-04 17:09:30,42,"(698, 0, 835, 316)",0.8262792825698853
CAM_01,2026-06-04 17:09:30,42,"(698, 0, 837, 316)",0.8259174227714539
CAM_01,2026-06-04 17:09:31,42,"(698, 0, 832, 314)",0.8490186333656311
CAM_01,2026-06-04 17:09:31,42,"(698, 0, 833, 314)",0.8437478542327881
CAM_01,2026-06-04 17:09:32,42,"(699, 0, 830, 313)",0.8569276332855225
CAM_01,2026-06-04 17:09:32,42,"(699, 0, 830, 313)",0.8535309433937073
CAM_01,2026-06-04 17:09:33,42,"(698, 0, 829, 312)",0.8590307831764221
CAM_01,2026-06-04 17:09:33,42,"(698, 0, 832, 313)",0.8560871481895447
CAM_01,2026-06-04 17:09:34,42,"(699, 1, 834, 314)",0.8452072739601135
CAM_01,2026-06-04 17:09:35,42,"(700, 1, 843, 317)",0.8708990216255188
CAM_01,2026-06-04 17:09:35,42,"(692, 1, 852, 319)",0.8907828330993652
CAM_01,2026-06-04 17:11:36,3,"(536, 233, 644, 552)",0.8805839419364929
CAM_01,2026-06-04 17:11:37,3,"(513, 235, 640, 622)",0.9117512106895447
CAM_01,2026-06-04 17:11:37,3,"(487, 233, 652, 692)",0.919284999370575
CAM_01,2026-06-04 17:11:37,3,"(441, 240, 654, 720)",0.926039457321167
CAM_01,2026-06-04 17:11:37,3,"(301, 240, 582, 720)",0.933523416519165
CAM_01,2026-06-04 17:11:37,3,"(228, 240, 539, 720)",0.9201027154922485
CAM_01,2026-06-04 17:11:38,3,"(178, 241, 513, 720)",0.9307881593704224
CAM_01,2026-06-04 17:11:38,3,"(106, 252, 464, 720)",0.9157882928848267
CAM_01,2026-06-04 17:11:38,3,"(34, 260, 412, 720)",0.9166595339775085
CAM_01,2026-06-04 17:11:38,3,"(0, 259, 367, 720)",0.9243223667144775
CAM_01,2026-06-04 17:11:39,3,"(0, 256, 317, 720)",0.928101658821106
CAM_01,2026-06-04 17:11:39,3,"(0, 273, 271, 720)",0.9119038581848145
CAM_01,2026-06-04 17:11:39,4,"(585, 255, 643, 456)",0.7825894951820374
CAM_01,2026-06-04 17:11:39,4,"(575, 258, 644, 456)",0.7985221147537231
CAM_01,2026-06-04 17:11:40,4,"(569, 256, 645, 456)",0.8319517970085144
CAM_01,2026-06-04 17:11:40,4,"(556, 257, 632, 458)",0.814831554889679
CAM_01,2026-06-04 17:11:40,4,"(547, 257, 615, 457)",0.8602761626243591
CAM_01,2026-06-04 17:11:40,4,"(533, 259, 604, 459)",0.8350870609283447
CAM_01,2026-06-04 17:11:40,4,"(513, 261, 598, 459)",0.831908106803894
CAM_01,2026-06-04 17:11:41,4,"(502, 262, 594, 461)",0.8446884155273438
CAM_01,2026-06-04 17:11:41,4,"(494, 262, 588, 462)",0.8425674438476562
CAM_01,2026-06-04 17:11:41,4,"(471, 262, 556, 461)",0.8094378113746643
CAM_01,2026-06-04 17:11:41,4,"(456, 262, 538, 466)",0.7776150703430176
CAM_01,2026-06-04 17:11:42,4,"(447, 266, 532, 469)",0.8176987767219543
CAM_01,2026-06-04 17:11:42,4,"(440, 267, 527, 470)",0.8549039959907532
CAM_01,2026-06-04 17:11:42,4,"(435, 267, 519, 469)",0.867372989654541
CAM_01,2026-06-04 17:11:42,4,"(425, 268, 490, 468)",0.8235389590263367
CAM_01,2026-06-04 17:12:10,5,"(395, 244, 588, 716)",0.9160417318344116
CAM_01,2026-06-04 17:12:10,5,"(414, 245, 594, 718)",0.9258399605751038
CAM_01,2026-06-04 17:12:11,5,"(441, 238, 610, 703)",0.9223551750183105
CAM_01,2026-06-04 17:12:11,5,"(458, 235, 627, 672)",0.914254903793335
CAM_01,2026-06-04 17:12:12,5,"(492, 235, 637, 655)",0.9051108360290527
CAM_01,2026-06-04 17:12:12,5,"(510, 235, 640, 658)",0.8463886380195618
CAM_01,2026-06-04 17:12:13,5,"(505, 236, 651, 675)",0.9141347408294678
CAM_01,2026-06-04 17:12:13,5,"(513, 233, 655, 681)",0.9234333634376526
CAM_01,2026-06-04 17:12:14,5,"(525, 230, 673, 681)",0.8820967078208923
CAM_01,2026-06-04 17:12:14,5,"(539, 228, 673, 682)",0.8654855489730835
CAM_01,2026-06-04 17:12:15,5,"(543, 229, 664, 681)",0.8930767178535461
CAM_01,2026-06-04 17:12:15,5,"(529, 231, 666, 670)",0.905962347984314
CAM_01,2026-06-04 17:12:16,5,"(526, 232, 658, 645)",0.8767772316932678
CAM_01,2026-06-04 17:12:16,5,"(522, 237, 647, 629)",0.8787969350814819
CAM_01,2026-06-04 17:12:17,5,"(517, 234, 634, 602)",0.8911101818084717
CAM_01,2026-06-04 17:12:17,5,"(517, 234, 621, 589)",0.8768826127052307
CAM_01,2026-06-04 17:12:18,5,"(508, 239, 613, 571)",0.8845552206039429
CAM_01,2026-06-04 17:12:19,5,"(505, 240, 612, 553)",0.8849512934684753
CAM_01,2026-06-04 17:12:19,5,"(541, 238, 633, 532)",0.8439077734947205
CAM_01,2026-06-04 17:12:20,5,"(567, 243, 645, 526)",0.789466917514801
CAM_01,2026-06-04 17:12:20,5,"(589, 243, 650, 516)",0.6949424743652344
CAM_01,2026-06-04 17:12:33,6,"(592, 248, 652, 459)",0.793579638004303
CAM_01,2026-06-04 17:12:34,6,"(580, 241, 649, 457)",0.8580321669578552
CAM_01,2026-06-04 17:12:34,6,"(572, 236, 647, 456)",0.8776542544364929
CAM_01,2026-06-04 17:12:35,6,"(567, 234, 647, 456)",0.8815553188323975
CAM_01,2026-06-04 17:12:35,6,"(565, 234, 647, 456)",0.8805845975875854
CAM_01,2026-06-04 17:12:35,6,"(565, 235, 647, 456)",0.8780910968780518
CAM_01,2026-06-04 17:12:36,6,"(567, 235, 646, 456)",0.8753548860549927
CAM_01,2026-06-04 17:12:36,6,"(568, 236, 647, 456)",0.8539067506790161
CAM_01,2026-06-04 17:12:37,6,"(570, 237, 646, 456)",0.8589710593223572
CAM_01,2026-06-04 17:12:37,6,"(572, 241, 645, 456)",0.8740445971488953
CAM_01,2026-06-04 17:12:38,6,"(574, 244, 646, 458)",0.8684111833572388
CAM_01,2026-06-04 17:12:38,6,"(587, 251, 649, 459)",0.7892276644706726
CAM_01,2026-06-04 17:12:54,6,"(561, 198, 656, 506)",0.7672216296195984
CAM_01,2026-06-04 17:12:55,6,"(558, 207, 653, 516)",0.7576016187667847
CAM_01,2026-06-04 17:12:55,6,"(559, 227, 645, 524)",0.7918180227279663
CAM_01,2026-06-04 17:12:56,6,"(551, 237, 638, 533)",0.8442031741142273
CAM_01,2026-06-04 17:12:56,6,"(537, 237, 635, 547)",0.8420151472091675
CAM_01,2026-06-04 17:12:57,6,"(513, 209, 638, 559)",0.8679026365280151
CAM_01,2026-06-04 17:12:57,6,"(502, 194, 630, 582)",0.8803912997245789
CAM_01,2026-06-04 17:12:58,6,"(494, 183, 628, 605)",0.8767665028572083
CAM_01,2026-06-04 17:12:58,6,"(498, 182, 624, 628)",0.854110598564148
CAM_01,2026-06-04 17:12:59,6,"(496, 176, 621, 660)",0.8985074758529663
CAM_01,2026-06-04 17:12:59,6,"(485, 160, 625, 677)",0.8910430669784546
CAM_01,2026-06-04 17:13:00,6,"(477, 150, 613, 695)",0.8697893023490906
CAM_01,2026-06-04 17:13:00,6,"(463, 139, 603, 709)",0.8830352425575256
CAM_01,2026-06-04 17:13:01,6,"(441, 131, 597, 717)",0.8693101406097412
CAM_01,2026-06-04 17:13:02,6,"(417, 125, 588, 720)",0.8919343948364258
CAM_01,2026-06-04 17:13:02,6,"(382, 127, 567, 720)",0.824043333530426
CAM_01,2026-06-04 17:13:03,6,"(311, 111, 527, 719)",0.9091214537620544
CAM_01,2026-06-04 17:13:03,6,"(231, 82, 490, 718)",0.9215171933174133
CAM_01,2026-06-04 17:13:04,6,"(144, 53, 460, 708)",0.8875223398208618
CAM_01,2026-06-04 17:13:04,6,"(50, 63, 421, 710)",0.752701461315155
CAM_01,2026-06-04 17:13:39,13,"(462, 240, 590, 616)",0.8624865412712097
CAM_01,2026-06-04 17:13:39,14,"(528, 225, 598, 438)",0.7462884783744812
CAM_01,2026-06-04 17:13:40,13,"(501, 233, 609, 573)",0.8835858106613159
CAM_01,2026-06-04 17:13:41,13,"(564, 242, 649, 525)",0.8302723169326782
CAM_01,2026-06-04 17:13:41,14,"(471, 238, 598, 692)",0.9047945141792297
CAM_01,2026-06-04 17:13:42,14,"(451, 245, 596, 720)",0.9145562648773193
CAM_01,2026-06-04 17:13:42,14,"(415, 245, 584, 720)",0.8851152658462524
CAM_01,2026-06-04 17:13:43,14,"(349, 256, 550, 720)",0.9072391390800476
CAM_01,2026-06-04 17:13:43,14,"(279, 256, 517, 720)",0.8416785597801208
CAM_01,2026-06-04 17:13:44,14,"(202, 264, 483, 720)",0.9037389755249023
CAM_01,2026-06-04 17:13:44,14,"(138, 271, 410, 720)",0.8163056373596191
CAM_01,2026-06-04 17:13:45,14,"(43, 274, 294, 720)",0.937613844871521
CAM_01,2026-06-04 17:14:13,17,"(549, 228, 619, 437)",0.8433398008346558
CAM_01,2026-06-04 17:14:16,17,"(519, 237, 616, 567)",0.8724120855331421
CAM_01,2026-06-04 17:14:16,17,"(525, 240, 623, 555)",0.8657370805740356
CAM_01,2026-06-04 17:14:17,17,"(541, 243, 638, 549)",0.8691604137420654
CAM_01,2026-06-04 17:14:17,17,"(557, 244, 647, 542)",0.8272634148597717
CAM_01,2026-06-04 17:14:23,17,"(570, 247, 648, 534)",0.784809410572052
CAM_01,2026-06-04 17:14:23,17,"(565, 246, 641, 533)",0.8495604395866394
CAM_01,2026-06-04 17:14:24,17,"(537, 247, 628, 552)",0.8518117666244507
CAM_01,2026-06-04 17:14:24,17,"(522, 235, 623, 570)",0.8305912017822266
CAM_01,2026-06-04 17:14:25,17,"(502, 241, 617, 616)",0.8720096349716187
CAM_01,2026-06-04 17:14:25,17,"(484, 239, 614, 653)",0.8552681803703308
CAM_01,2026-06-04 17:14:26,17,"(447, 247, 611, 695)",0.9175205826759338
CAM_01,2026-06-04 17:14:26,17,"(408, 244, 580, 712)",0.9066634774208069
CAM_01,2026-06-04 17:14:26,17,"(379, 255, 561, 720)",0.8377472758293152
CAM_01,2026-06-04 17:14:26,17,"(348, 261, 546, 720)",0.8834211826324463
CAM_01,2026-06-04 17:14:27,17,"(308, 258, 524, 719)",0.9101335406303406
CAM_01,2026-06-04 17:14:27,17,"(266, 245, 509, 719)",0.900229275226593
CAM_01,2026-06-04 17:14:27,17,"(204, 253, 489, 718)",0.9070620536804199
CAM_01,2026-06-04 17:14:27,17,"(145, 271, 472, 718)",0.9301952719688416
CAM_01,2026-06-04 17:14:27,17,"(50, 283, 430, 718)",0.9235150814056396
CAM_01,2026-06-04 17:14:28,17,"(10, 283, 383, 717)",0.9319888353347778
CAM_01,2026-06-04 17:14:28,17,"(0, 275, 314, 718)",0.901658833026886
CAM_01,2026-06-04 17:14:28,17,"(0, 284, 245, 720)",0.7841311097145081
CAM_01,2026-06-04 17:15:13,24,"(438, 239, 598, 663)",0.9095644354820251
CAM_01,2026-06-04 17:15:13,24,"(430, 235, 598, 683)",0.9332234263420105
CAM_01,2026-06-04 17:15:14,24,"(445, 232, 597, 665)",0.9194062948226929
CAM_01,2026-06-04 17:15:21,27,"(583, 246, 650, 527)",0.7650551199913025
CAM_01,2026-06-04 17:15:22,27,"(560, 245, 642, 530)",0.8637675642967224
CAM_01,2026-06-04 17:15:22,27,"(534, 249, 633, 561)",0.8720276951789856
CAM_01,2026-06-04 17:15:23,27,"(520, 243, 631, 579)",0.8790957927703857
CAM_01,2026-06-04 17:15:24,27,"(512, 239, 629, 600)",0.8867191672325134
CAM_01,2026-06-04 17:15:25,24,"(473, 238, 620, 673)",0.9092177748680115
CAM_01,2026-06-04 17:15:25,24,"(465, 242, 623, 697)",0.9072358012199402
CAM_01,2026-06-04 17:15:26,24,"(460, 239, 624, 709)",0.9019734859466553
CAM_01,2026-06-04 17:15:26,24,"(429, 243, 612, 715)",0.9364534616470337
CAM_01,2026-06-04 17:15:27,24,"(378, 244, 587, 714)",0.9041814804077148
CAM_01,2026-06-04 17:15:27,24,"(333, 254, 562, 716)",0.9109691977500916
CAM_01,2026-06-04 17:15:28,24,"(268, 250, 523, 716)",0.8887335062026978
CAM_01,2026-06-04 17:15:28,24,"(154, 262, 450, 716)",0.8924620747566223
CAM_01,2026-06-04 17:15:29,24,"(53, 261, 353, 716)",0.9498421549797058
CAM_01,2026-06-04 17:15:59,29,"(86, 297, 419, 714)",0.925998866558075
CAM_01,2026-06-04 17:15:59,29,"(171, 285, 447, 714)",0.9182960987091064
CAM_01,2026-06-04 17:15:59,29,"(256, 269, 498, 716)",0.9244825839996338
CAM_01,2026-06-04 17:16:00,29,"(319, 260, 540, 716)",0.9193593263626099
CAM_01,2026-06-04 17:16:00,29,"(383, 246, 571, 716)",0.9229632616043091
CAM_01,2026-06-04 17:16:01,29,"(423, 244, 580, 708)",0.9245936274528503
CAM_01,2026-06-04 17:16:01,29,"(444, 239, 589, 656)",0.9167553186416626
CAM_01,2026-06-04 17:16:02,29,"(465, 238, 601, 626)",0.9013102650642395
CAM_01,2026-06-04 17:16:02,29,"(490, 233, 616, 586)",0.888088047504425
CAM_01,2026-06-04 17:16:03,29,"(512, 236, 634, 570)",0.9007099270820618
CAM_01,2026-06-04 17:16:03,29,"(528, 237, 638, 541)",0.8700045347213745
CAM_01,2026-06-04 17:16:04,29,"(547, 238, 648, 528)",0.8687715530395508
CAM_01,2026-06-04 17:16:04,29,"(576, 238, 657, 524)",0.7808743119239807
CAM_01,2026-06-04 17:16:19,30,"(480, 238, 606, 590)",0.8616032600402832
CAM_01,2026-06-04 17:16:19,30,"(471, 242, 600, 618)",0.9127249717712402
CAM_01,2026-06-04 17:16:20,30,"(465, 238, 601, 630)",0.9244129061698914
CAM_01,2026-06-04 17:16:20,30,"(455, 247, 596, 677)",0.9032956957817078
CAM_01,2026-06-04 17:16:21,30,"(437, 249, 586, 703)",0.9163455963134766
CAM_01,2026-06-04 17:17:49,33,"(337, 252, 567, 713)",0.9352812767028809
CAM_01,2026-06-04 17:17:54,34,"(593, 236, 637, 416)",0.6352927684783936
CAM_01,2026-06-04 17:17:54,34,"(588, 238, 635, 416)",0.715629518032074
CAM_01,2026-06-04 17:17:55,34,"(584, 238, 636, 418)",0.7934386730194092
CAM_01,2026-06-04 17:17:55,34,"(582, 238, 638, 421)",0.8147081136703491
CAM_01,2026-06-04 17:17:55,34,"(581, 238, 639, 423)",0.8115478157997131
CAM_01,2026-06-04 17:17:55,34,"(580, 237, 640, 425)",0.8061313629150391
CAM_01,2026-06-04 17:17:55,34,"(580, 236, 640, 428)",0.8120388388633728
CAM_01,2026-06-04 17:17:56,34,"(581, 236, 640, 429)",0.8104826211929321
CAM_01,2026-06-04 17:17:56,34,"(581, 235, 640, 430)",0.8071282505989075
CAM_01,2026-06-04 17:17:56,34,"(583, 236, 641, 431)",0.79158616065979
CAM_01,2026-06-04 17:17:56,34,"(583, 236, 642, 431)",0.7868207693099976
CAM_01,2026-06-04 17:17:57,34,"(584, 236, 642, 431)",0.7838748097419739
CAM_01,2026-06-04 17:17:57,34,"(585, 235, 642, 431)",0.7851943373680115
CAM_01,2026-06-04 17:17:57,34,"(586, 236, 641, 431)",0.7887334823608398
CAM_01,2026-06-04 17:17:57,34,"(587, 238, 640, 431)",0.7779580354690552
CAM_01,2026-06-04 17:17:57,34,"(588, 238, 640, 431)",0.776913583278656
CAM_01,2026-06-04 17:17:58,34,"(588, 238, 640, 431)",0.7734314203262329
CAM_01,2026-06-04 17:17:58,34,"(590, 238, 640, 432)",0.7380518317222595
CAM_01,2026-06-04 17:17:58,34,"(590, 238, 640, 433)",0.7087586522102356
CAM_01,2026-06-04 17:17:58,34,"(590, 240, 640, 432)",0.5879827737808228
CAM_01,2026-06-04 17:17:59,34,"(590, 242, 640, 432)",0.5541535019874573
CAM_01,2026-06-04 17:17:59,34,"(590, 242, 640, 431)",0.5886855125427246
CAM_01,2026-06-04 17:17:59,34,"(591, 243, 640, 431)",0.5813742876052856
CAM_01,2026-06-04 17:17:59,34,"(591, 245, 639, 431)",0.5843567848205566
CAM_01,2026-06-04 17:18:00,34,"(591, 246, 639, 431)",0.5676387548446655
CAM_01,2026-06-04 17:18:00,34,"(591, 247, 639, 431)",0.542687177658081
CAM_01,2026-06-04 17:18:00,34,"(591, 250, 639, 431)",0.5336179733276367
CAM_01,2026-06-04 17:18:00,34,"(591, 252, 639, 431)",0.5277747511863708
CAM_01,2026-06-04 17:18:01,34,"(590, 260, 639, 430)",0.5062571167945862
CAM_01,2026-06-04 17:18:01,34,"(589, 248, 640, 423)",0.5406718850135803
CAM_01,2026-06-04 17:18:01,34,"(587, 241, 641, 424)",0.7631904482841492
CAM_01,2026-06-04 17:18:02,34,"(584, 238, 641, 429)",0.7605724930763245
CAM_01,2026-06-04 17:18:02,34,"(579, 236, 642, 430)",0.7935376763343811
CAM_01,2026-06-04 17:18:02,34,"(576, 236, 643, 426)",0.8275623321533203
CAM_01,2026-06-04 17:18:02,34,"(568, 236, 643, 425)",0.8534602522850037
CAM_01,2026-06-04 17:18:03,34,"(564, 236, 644, 433)",0.8529138565063477
CAM_01,2026-06-04 17:18:03,34,"(560, 236, 638, 436)",0.8600177764892578
CAM_01,2026-06-04 17:18:03,34,"(558, 237, 633, 436)",0.8584288358688354
CAM_01,2026-06-04 17:18:03,34,"(554, 240, 629, 438)",0.8307044506072998
CAM_01,2026-06-04 17:18:04,34,"(548, 242, 624, 438)",0.7977246642112732
CAM_01,2026-06-04 17:18:04,34,"(545, 243, 620, 440)",0.834413468837738
CAM_01,2026-06-04 17:18:04,34,"(542, 243, 617, 448)",0.8520398139953613
CAM_01,2026-06-04 17:18:04,34,"(536, 243, 610, 458)",0.8523505926132202
CAM_01,2026-06-04 17:18:05,34,"(531, 244, 605, 461)",0.8343203663825989
CAM_01,2026-06-04 17:18:05,34,"(521, 246, 601, 465)",0.8387482166290283
CAM_01,2026-06-04 17:18:05,34,"(514, 245, 601, 470)",0.8391323685646057
CAM_01,2026-06-04 17:18:05,34,"(499, 247, 584, 474)",0.8498103618621826
CAM_01,2026-06-04 17:18:06,34,"(485, 247, 572, 475)",0.8566623330116272
CAM_01,2026-06-04 17:18:06,34,"(477, 248, 565, 476)",0.8266075849533081
CAM_01,2026-06-04 17:18:06,34,"(465, 250, 558, 484)",0.8469033241271973
CAM_01,2026-06-04 17:18:07,34,"(454, 250, 548, 503)",0.850795328617096
CAM_01,2026-06-04 17:18:07,35,"(577, 225, 648, 507)",0.8061605095863342
CAM_01,2026-06-04 17:18:07,34,"(448, 249, 543, 511)",0.8914675712585449
CAM_01,2026-06-04 17:18:07,35,"(571, 225, 646, 506)",0.843098521232605
CAM_01,2026-06-04 17:18:07,34,"(444, 249, 541, 523)",0.8901532292366028
CAM_01,2026-06-04 17:18:07,35,"(564, 227, 643, 508)",0.8347143530845642
CAM_01,2026-06-04 17:18:07,34,"(435, 252, 533, 534)",0.8606495261192322
CAM_01,2026-06-04 17:18:07,35,"(562, 228, 641, 508)",0.8449838161468506
CAM_01,2026-06-04 17:18:08,34,"(429, 251, 526, 542)",0.8555055856704712
CAM_01,2026-06-04 17:18:08,35,"(560, 225, 639, 510)",0.8462904095649719
CAM_01,2026-06-04 17:18:08,34,"(426, 251, 521, 538)",0.855490505695343
CAM_01,2026-06-04 17:18:08,35,"(557, 225, 639, 515)",0.8427050709724426
CAM_01,2026-06-04 17:18:08,34,"(423, 251, 516, 554)",0.8467863202095032
CAM_01,2026-06-04 17:18:08,35,"(547, 226, 638, 526)",0.8640190362930298
CAM_01,2026-06-04 17:18:08,34,"(422, 252, 514, 563)",0.8381543755531311
CAM_01,2026-06-04 17:18:08,35,"(540, 228, 635, 534)",0.8816097974777222
CAM_01,2026-06-04 17:18:09,34,"(423, 252, 516, 572)",0.826004683971405
CAM_01,2026-06-04 17:18:09,35,"(533, 229, 630, 538)",0.8721606135368347
CAM_01,2026-06-04 17:18:09,34,"(423, 251, 519, 575)",0.7994017004966736
CAM_01,2026-06-04 17:18:09,35,"(526, 227, 624, 539)",0.854172945022583
CAM_01,2026-06-04 17:18:09,34,"(424, 249, 521, 578)",0.8305187225341797
CAM_01,2026-06-04 17:18:09,35,"(517, 225, 621, 540)",0.8654449582099915
CAM_01,2026-06-04 17:18:09,34,"(425, 245, 526, 578)",0.8383232951164246
CAM_01,2026-06-04 17:18:09,35,"(513, 223, 624, 539)",0.8845866918563843
CAM_01,2026-06-04 17:18:10,34,"(428, 240, 532, 594)",0.814633309841156
CAM_01,2026-06-04 17:18:10,35,"(510, 225, 625, 546)",0.8835880160331726
CAM_01,2026-06-04 17:18:10,34,"(431, 237, 536, 611)",0.8270301222801208
CAM_01,2026-06-04 17:18:10,35,"(509, 226, 623, 551)",0.8804567456245422
CAM_01,2026-06-04 17:18:10,34,"(432, 236, 541, 634)",0.8215118050575256
CAM_01,2026-06-04 17:18:10,35,"(504, 225, 621, 558)",0.8913808465003967
CAM_01,2026-06-04 17:18:11,34,"(429, 237, 543, 660)",0.796267032623291
CAM_01,2026-06-04 17:18:11,35,"(501, 220, 620, 561)",0.8817199468612671
CAM_01,2026-06-04 17:18:11,34,"(425, 235, 544, 664)",0.8269453644752502
CAM_01,2026-06-04 17:18:11,35,"(511, 216, 620, 567)",0.8719649314880371
CAM_01,2026-06-04 17:18:11,34,"(421, 233, 560, 667)",0.8766623139381409
CAM_01,2026-06-04 17:18:11,35,"(515, 211, 624, 578)",0.8661690354347229
CAM_01,2026-06-04 17:18:11,34,"(419, 233, 566, 687)",0.8725777268409729
CAM_01,2026-06-04 17:18:11,35,"(516, 210, 629, 592)",0.8386114835739136
CAM_01,2026-06-04 17:18:12,34,"(417, 236, 564, 700)",0.8563624620437622
CAM_01,2026-06-04 17:18:12,35,"(517, 208, 634, 605)",0.8499544262886047
CAM_01,2026-06-04 17:18:12,34,"(417, 241, 564, 714)",0.8856079578399658
CAM_01,2026-06-04 17:18:12,35,"(513, 209, 638, 613)",0.8604027032852173
CAM_01,2026-06-04 17:18:12,34,"(409, 241, 573, 719)",0.9191803336143494
CAM_01,2026-06-04 17:18:12,35,"(518, 205, 644, 615)",0.8378320336341858
CAM_01,2026-06-04 17:18:13,34,"(400, 237, 585, 720)",0.9198452830314636
CAM_01,2026-06-04 17:18:13,35,"(520, 204, 653, 627)",0.8482781052589417
CAM_01,2026-06-04 17:18:14,34,"(384, 239, 591, 720)",0.9024723768234253
CAM_01,2026-06-04 17:18:14,35,"(527, 200, 673, 646)",0.8858621716499329
CAM_01,2026-06-04 17:18:14,34,"(384, 234, 599, 719)",0.8875197768211365
CAM_01,2026-06-04 17:18:14,35,"(537, 200, 697, 688)",0.8935985565185547
CAM_01,2026-06-04 17:18:16,34,"(405, 234, 654, 717)",0.8894883394241333
CAM_01,2026-06-04 17:18:16,35,"(565, 192, 716, 696)",0.8309921622276306
CAM_01,2026-06-04 17:18:18,35,"(522, 199, 813, 710)",0.912257194519043
CAM_01,2026-06-04 17:18:19,1,"(954, 135, 1279, 624)",0.8203358054161072
CAM_01,2026-06-04 17:18:19,1,"(1009, 126, 1272, 686)",0.8808295130729675
CAM_01,2026-06-04 17:19:10,1,"(1059, 161, 1279, 625)",0.9204321503639221
CAM_01,2026-06-04 17:19:11,44,"(4, 276, 343, 714)",0.9424105286598206
CAM_01,2026-06-04 17:19:11,44,"(0, 274, 297, 714)",0.9451692700386047
CAM_01,2026-06-04 17:19:11,44,"(0, 273, 234, 714)",0.9405726194381714
CAM_01,2026-06-04 17:19:11,44,"(0, 280, 192, 713)",0.8000473976135254
CAM_01,2026-06-04 17:19:45,1,"(863, 121, 1278, 655)",0.9210577607154846
CAM_01,2026-06-04 17:19:45,1,"(897, 131, 1278, 697)",0.8812715411186218
CAM_01,2026-06-04 17:21:42,3,"(1170, 423, 1279, 657)",0.6050188541412354
CAM_01,2026-06-04 17:21:42,3,"(1169, 394, 1279, 715)",0.5618618726730347
CAM_01,2026-06-04 17:21:43,3,"(1147, 394, 1279, 720)",0.7496818900108337
CAM_01,2026-06-04 17:21:43,3,"(1122, 391, 1279, 720)",0.5938625335693359
CAM_01,2026-06-04 17:21:43,3,"(1104, 397, 1279, 720)",0.7228220105171204
CAM_01,2026-06-04 17:21:44,3,"(1102, 409, 1279, 720)",0.5475226640701294
CAM_01,2026-06-04 17:21:44,3,"(1074, 419, 1279, 720)",0.7436856031417847
CAM_01,2026-06-04 17:21:44,3,"(1025, 423, 1279, 720)",0.8541213870048523
CAM_01,2026-06-04 17:21:44,3,"(994, 419, 1279, 720)",0.8476226925849915
CAM_01,2026-06-04 17:21:45,3,"(974, 389, 1279, 720)",0.8693487048149109
CAM_01,2026-06-04 17:21:45,3,"(965, 367, 1279, 720)",0.8502399921417236
CAM_01,2026-06-04 17:21:45,3,"(961, 359, 1279, 720)",0.9132438898086548
CAM_01,2026-06-04 17:21:45,3,"(960, 340, 1279, 719)",0.8660149574279785
CAM_01,2026-06-04 17:21:46,3,"(912, 310, 1279, 720)",0.9383984208106995
CAM_01,2026-06-04 17:21:46,3,"(882, 299, 1279, 720)",0.9357119202613831
CAM_01,2026-06-04 17:21:46,3,"(858, 297, 1279, 720)",0.9395002722740173
CAM_01,2026-06-04 17:21:46,3,"(847, 295, 1279, 719)",0.9467353224754333
CAM_01,2026-06-04 17:21:47,3,"(844, 294, 1279, 719)",0.9192666411399841
CAM_01,2026-06-04 17:21:47,3,"(824, 289, 1240, 718)",0.9123889207839966
CAM_01,2026-06-04 17:21:47,3,"(783, 286, 1210, 718)",0.9434462785720825
CAM_01,2026-06-04 17:21:47,3,"(753, 283, 1176, 718)",0.9362472891807556
CAM_01,2026-06-04 17:21:48,3,"(739, 267, 1121, 719)",0.932331919670105
CAM_01,2026-06-04 17:21:49,3,"(734, 258, 1086, 718)",0.9245493412017822
CAM_01,2026-06-04 17:22:24,18,"(340, 143, 536, 687)",0.8811546564102173
CAM_01,2026-06-04 17:22:24,18,"(311, 149, 517, 696)",0.8659008145332336
CAM_01,2026-06-04 17:22:24,18,"(278, 157, 510, 697)",0.9042502045631409
CAM_01,2026-06-04 17:22:25,18,"(250, 168, 508, 697)",0.9241898655891418
CAM_01,2026-06-04 17:22:25,18,"(207, 173, 501, 699)",0.9155222177505493
CAM_01,2026-06-04 17:22:25,18,"(172, 175, 489, 699)",0.9146655201911926
CAM_01,2026-06-04 17:22:25,18,"(130, 186, 463, 697)",0.9199619889259338
CAM_01,2026-06-04 17:22:26,18,"(83, 192, 422, 696)",0.8738618493080139
CAM_01,2026-06-04 17:22:26,18,"(54, 192, 391, 697)",0.9124399423599243
CAM_01,2026-06-04 17:22:26,18,"(27, 192, 376, 696)",0.9080848097801208
CAM_01,2026-06-04 17:22:26,18,"(8, 188, 370, 694)",0.9259775280952454
CAM_01,2026-06-04 17:22:26,18,"(0, 178, 365, 696)",0.9204767942428589
CAM_01,2026-06-04 17:22:27,18,"(0, 169, 355, 698)",0.9405301213264465
CAM_01,2026-06-04 17:22:27,18,"(0, 161, 330, 696)",0.9192731976509094
CAM_01,2026-06-04 17:22:27,18,"(0, 156, 292, 691)",0.9044751524925232
CAM_01,2026-06-04 17:22:27,18,"(0, 152, 271, 669)",0.9205743074417114
CAM_01,2026-06-04 17:22:28,18,"(0, 162, 266, 648)",0.9102539420127869
CAM_01,2026-06-04 17:22:28,18,"(0, 205, 211, 638)",0.8256471157073975
CAM_01,2026-06-04 17:22:28,18,"(0, 222, 167, 635)",0.8734855055809021
CAM_01,2026-06-04 17:22:28,18,"(0, 226, 150, 635)",0.8457781076431274
CAM_01,2026-06-04 17:22:29,18,"(0, 215, 174, 620)",0.7516170740127563
CAM_01,2026-06-04 17:22:29,18,"(0, 216, 144, 629)",0.6264798641204834
CAM_01,2026-06-04 17:22:30,18,"(0, 213, 138, 631)",0.5909335613250732
CAM_01,2026-06-04 17:22:30,18,"(0, 223, 138, 633)",0.6729504466056824
CAM_01,2026-06-04 17:22:30,18,"(0, 265, 128, 635)",0.6265851259231567
CAM_01,2026-06-04 17:22:31,18,"(0, 274, 121, 636)",0.6950558423995972
CAM_01,2026-06-04 17:22:47,26,"(0, 422, 118, 594)",0.5088917016983032
CAM_01,2026-06-04 17:22:50,26,"(0, 441, 125, 602)",0.6706492900848389
CAM_01,2026-06-04 17:26:16,2,"(645, 587, 833, 719)",0.7181969881057739
CAM_01,2026-06-04 17:26:16,2,"(591, 551, 784, 719)",0.7210049629211426
CAM_01,2026-06-04 17:26:16,2,"(539, 521, 739, 718)",0.771600067615509
CAM_01,2026-06-04 17:26:17,2,"(476, 483, 679, 716)",0.5480813980102539
CAM_01,2026-06-04 17:26:17,2,"(313, 389, 549, 715)",0.865278422832489
CAM_01,2026-06-04 17:26:17,2,"(258, 369, 514, 716)",0.8805269002914429
CAM_01,2026-06-04 17:26:18,2,"(214, 357, 489, 716)",0.9054211974143982
CAM_01,2026-06-04 17:26:18,2,"(153, 337, 463, 716)",0.8331738114356995
CAM_01,2026-06-04 17:26:18,2,"(101, 320, 446, 716)",0.8883755803108215
CAM_01,2026-06-04 17:26:18,2,"(43, 302, 378, 716)",0.8966748118400574
CAM_01,2026-06-04 17:26:18,2,"(0, 293, 340, 715)",0.910733699798584
CAM_01,2026-06-04 17:26:19,2,"(0, 284, 320, 714)",0.8015947341918945
CAM_01,2026-06-04 17:26:19,2,"(0, 271, 323, 715)",0.8056023716926575
CAM_01,2026-06-04 17:26:19,2,"(0, 292, 279, 716)",0.669648289680481
CAM_01,2026-06-04 17:26:19,2,"(0, 313, 222, 716)",0.8598790764808655
CAM_01,2026-06-04 17:26:20,2,"(0, 334, 195, 716)",0.8190930485725403
CAM_01,2026-06-04 17:26:20,2,"(0, 398, 193, 716)",0.854810357093811
CAM_01,2026-06-04 17:26:20,2,"(0, 439, 183, 716)",0.8324742317199707
CAM_01,2026-06-04 17:26:20,2,"(0, 444, 137, 702)",0.6777294278144836
CAM_01,2026-06-04 17:26:20,2,"(0, 437, 85, 704)",0.5855553150177002
CAM_01,2026-06-04 17:27:35,16,"(1152, 0, 1279, 273)",0.7801028490066528
CAM_01,2026-06-04 17:27:35,16,"(1152, 0, 1279, 273)",0.7117757797241211
CAM_01,2026-06-04 17:27:36,16,"(1152, 1, 1279, 269)",0.6856208443641663
CAM_01,2026-06-04 17:27:38,23,"(1030, 1, 1152, 151)",0.5790920257568359
CAM_01,2026-06-04 17:27:38,23,"(1016, 0, 1136, 150)",0.5429649353027344
CAM_01,2026-06-04 17:27:41,31,"(621, 11, 771, 477)",0.9120122790336609
CAM_01,2026-06-04 17:27:41,31,"(624, 27, 787, 493)",0.911525547504425
CAM_01,2026-06-04 17:27:42,31,"(625, 34, 803, 504)",0.913699746131897
CAM_01,2026-06-04 17:27:42,31,"(624, 44, 839, 515)",0.9196099042892456
CAM_01,2026-06-04 17:27:42,31,"(625, 48, 864, 519)",0.9117914438247681
CAM_01,2026-06-04 17:27:51,31,"(627, 53, 894, 521)",0.9311721920967102
CAM_01,2026-06-04 17:28:00,31,"(639, 58, 917, 519)",0.9256680011749268
CAM_01,2026-06-04 17:28:01,31,"(675, 64, 944, 539)",0.8961279392242432
CAM_01,2026-06-04 17:28:01,31,"(700, 70, 968, 565)",0.9250226616859436
CAM_01,2026-06-04 17:28:01,31,"(707, 80, 992, 581)",0.9118374586105347
CAM_01,2026-06-04 17:28:01,31,"(712, 91, 1014, 587)",0.9099253416061401
CAM_01,2026-06-04 17:28:01,31,"(717, 102, 1038, 592)",0.9233202338218689
CAM_01,2026-06-04 17:28:02,31,"(728, 108, 1060, 595)",0.9151471853256226
CAM_01,2026-06-04 17:28:02,31,"(761, 116, 1099, 594)",0.9006764888763428
CAM_01,2026-06-04 17:28:02,31,"(803, 123, 1125, 593)",0.8993163704872131
CAM_01,2026-06-04 17:28:02,31,"(836, 139, 1165, 585)",0.8757722973823547
CAM_01,2026-09-09 11:08:47,11,"(953, 428, 1302, 1078)",0.9075089693069458
CAM_01,2026-09-09 11:08:48,11,"(1001, 448, 1331, 1076)",0.9073596596717834
CAM_01,2026-09-09 11:08:49,11,"(997, 468, 1323, 1076)",0.908728301525116
CAM_01,2026-09-09 11:08:50,11,"(969, 453, 1266, 1075)",0.9050151705741882
CAM_01,2026-09-09 11:08:51,11,"(937, 456, 1140, 1072)",0.8306113481521606
CAM_01,2026-09-09 11:08:52,11,"(821, 483, 1118, 1073)",0.9028046727180481
CAM_01,2026-09-09 11:08:53,11,"(765, 494, 1099, 1075)",0.9202138781547546
CAM_01,2026-09-09 11:08:54,11,"(773, 479, 1101, 1073)",0.9405761957168579
CAM_01,2026-09-09 11:08:55,11,"(809, 466, 1109, 1072)",0.9241980910301208
CAM_01,2026-09-09 11:08:56,11,"(822, 455, 1116, 1072)",0.9187331795692444
CAM_01,2026-09-09 11:08:57,11,"(827, 450, 1115, 1072)",0.9280303120613098
CAM_01,2026-09-09 11:08:58,11,"(834, 448, 1115, 1072)",0.9214213490486145
CAM_01,2026-09-09 11:08:59,11,"(840, 442, 1120, 1072)",0.9276915192604065
CAM_01,2026-09-09 11:09:00,11,"(856, 442, 1119, 1072)",0.9089998602867126
CAM_01,2026-09-09 11:09:01,11,"(843, 432, 1115, 1073)",0.9237449169158936
CAM_01,2026-09-09 11:09:02,11,"(843, 425, 1083, 1073)",0.9234861135482788
CAM_01,2026-09-09 11:09:03,11,"(842, 414, 1090, 1077)",0.9072016477584839
CAM_01,2026-09-09 11:09:04,11,"(871, 403, 1109, 1072)",0.8758611083030701
CAM_01,2026-09-09 11:09:04,11,"(878, 397, 1146, 1074)",0.8864818811416626
CAM_01,2026-09-09 11:09:05,11,"(887, 395, 1167, 1074)",0.8901707530021667
CAM_01,2026-09-09 11:09:06,11,"(892, 392, 1168, 1074)",0.8853042125701904
CAM_01,2026-09-09 11:09:07,11,"(897, 391, 1158, 1072)",0.8658414483070374
CAM_01,2026-09-09 11:09:08,11,"(896, 394, 1222, 1070)",0.8818747997283936
CAM_01,2026-09-09 11:09:09,11,"(896, 392, 1243, 1069)",0.8791376352310181
CAM_01,2026-09-09 11:09:10,11,"(893, 392, 1247, 1072)",0.8812653422355652
CAM_01,2026-09-09 11:09:11,11,"(893, 402, 1257, 1071)",0.8708284497261047
CAM_01,2026-09-09 11:09:12,11,"(894, 404, 1217, 1070)",0.7769072651863098
CAM_01,2026-09-09 11:09:13,11,"(950, 388, 1251, 1059)",0.8588101267814636
CAM_01,2026-09-09 11:09:14,11,"(972, 387, 1269, 1047)",0.8554967641830444
CAM_01,2026-09-09 11:09:15,11,"(1002, 382, 1317, 1038)",0.892762303352356
CAM_01,2026-09-09 11:09:16,11,"(1034, 381, 1380, 1036)",0.8998923897743225
CAM_01,2026-09-09 11:09:17,11,"(1038, 382, 1357, 1035)",0.8620562553405762
CAM_01,2026-09-09 11:09:18,11,"(1052, 382, 1395, 1035)",0.9105634689331055
CAM_01,2026-09-09 11:09:19,11,"(1058, 381, 1410, 1036)",0.9144309163093567
CAM_01,2026-09-09 11:09:19,11,"(1061, 380, 1410, 1037)",0.896683931350708
CAM_01,2026-09-09 11:09:20,11,"(1061, 380, 1415, 1037)",0.9053741097450256
CAM_01,2026-09-09 11:09:21,11,"(1061, 380, 1406, 1036)",0.912779688835144
CAM_01,2026-09-09 11:09:22,11,"(1062, 381, 1409, 1036)",0.9120535254478455
CAM_01,2026-09-09 11:09:23,11,"(1011, 383, 1401, 1037)",0.9207724332809448
CAM_01,2026-09-09 11:09:23,11,"(992, 383, 1315, 1037)",0.8688485622406006
CAM_01,2026-09-09 11:09:24,11,"(983, 381, 1246, 1037)",0.8663002252578735
CAM_01,2026-09-09 11:09:25,11,"(980, 379, 1229, 1041)",0.8697391748428345
CAM_01,2026-09-09 11:09:26,11,"(981, 377, 1237, 1042)",0.8937286138534546
CAM_01,2026-09-09 11:09:27,11,"(979, 377, 1244, 1041)",0.8957979679107666
CAM_01,2026-09-09 11:09:28,11,"(979, 377, 1247, 1041)",0.8973401784896851
CAM_01,2026-09-09 11:09:28,11,"(979, 378, 1248, 1041)",0.8975701332092285
CAM_01,2026-09-09 11:09:29,11,"(980, 379, 1246, 1043)",0.892016589641571
CAM_01,2026-09-09 11:09:30,11,"(980, 379, 1246, 1042)",0.8923316597938538
CAM_01,2026-09-09 11:09:31,11,"(980, 382, 1250, 1041)",0.897467315196991
CAM_01,2026-09-09 11:09:32,11,"(994, 385, 1246, 1053)",0.8814150094985962
CAM_01,2026-09-09 11:09:33,11,"(1000, 385, 1245, 1055)",0.8724620938301086
CAM_01,2026-09-09 11:09:34,11,"(1001, 384, 1240, 1059)",0.883610725402832
CAM_01,2026-09-09 11:09:34,11,"(1003, 381, 1236, 1060)",0.8684277534484863
CAM_01,2026-09-09 11:09:35,11,"(1003, 379, 1236, 1064)",0.8037245869636536
CAM_01,2026-09-09 11:09:36,11,"(1012, 378, 1230, 1075)",0.8416356444358826
CAM_01,2026-09-09 11:09:37,11,"(1006, 379, 1240, 1072)",0.8561317920684814
CAM_01,2026-09-09 11:09:38,11,"(1001, 381, 1246, 1072)",0.8440142869949341
CAM_01,2026-09-09 11:09:39,11,"(1002, 382, 1247, 1072)",0.8571631908416748
CAM_01,2026-09-09 11:09:39,11,"(1003, 382, 1246, 1070)",0.8427099585533142
CAM_01,2026-09-09 11:09:40,11,"(1002, 382, 1239, 1072)",0.801851212978363
CAM_01,2026-09-09 11:09:41,11,"(1001, 379, 1218, 1072)",0.8289502859115601
CAM_01,2026-09-09 11:09:42,11,"(1002, 378, 1209, 1070)",0.8344005942344666
CAM_01,2026-09-09 11:09:43,11,"(1002, 380, 1200, 1069)",0.8093501925468445
CAM_01,2026-09-09 11:09:44,11,"(1002, 379, 1204, 1069)",0.8401145935058594
CAM_01,2026-09-09 11:09:45,11,"(1002, 380, 1186, 1069)",0.7925584316253662
CAM_01,2026-09-09 11:09:45,11,"(1001, 381, 1185, 1069)",0.7711529731750488
CAM_01,2026-09-09 11:09:46,11,"(1001, 383, 1204, 1070)",0.842679500579834
CAM_01,2026-09-09 11:09:47,11,"(1001, 384, 1206, 1070)",0.8119474053382874
CAM_01,2026-09-09 11:09:49,11,"(999, 385, 1208, 1070)",0.8040000200271606
CAM_01,2026-09-09 11:09:49,11,"(998, 385, 1202, 1071)",0.8168872594833374
CAM_01,2026-09-09 11:09:50,11,"(999, 385, 1224, 1072)",0.7698473930358887
CAM_01,2026-09-09 11:09:51,11,"(999, 384, 1217, 1070)",0.7503731846809387
CAM_01,2026-09-09 11:09:52,11,"(999, 384, 1194, 1070)",0.7915853261947632
CAM_01,2026-09-09 11:09:53,11,"(998, 384, 1189, 1067)",0.8091999292373657
CAM_01,2026-09-09 11:09:54,11,"(998, 383, 1183, 1067)",0.7877429127693176
CAM_01,2026-09-09 11:09:55,11,"(1000, 382, 1194, 1069)",0.797450065612793
CAM_01,2026-09-09 11:09:56,11,"(999, 382, 1199, 1070)",0.809395968914032
CAM_01,2026-09-09 11:09:57,11,"(1000, 381, 1195, 1069)",0.8368480205535889
CAM_01,2026-09-09 11:09:58,11,"(961, 379, 1189, 1073)",0.7759075164794922
CAM_01,2026-09-09 11:09:59,11,"(887, 404, 1123, 1078)",0.911541759967804
CAM_01,2026-09-09 12:01:03,9,"(0, 744, 293, 1073)",0.7447731494903564
CAM_01,2026-09-09 12:01:09,9,"(0, 617, 292, 1075)",0.8266422152519226
CAM_01,2026-09-09 12:01:12,14,"(968, 325, 1244, 912)",0.8524858951568604
CAM_01,2026-09-09 12:01:13,14,"(999, 320, 1231, 887)",0.8047215938568115
CAM_01,2026-09-09 12:01:14,14,"(1012, 315, 1191, 870)",0.7574781179428101
CAM_01,2026-09-09 12:01:15,14,"(1014, 318, 1239, 867)",0.8065208196640015
CAM_01,2026-09-09 12:01:16,14,"(1017, 320, 1227, 867)",0.7964673638343811
CAM_01,2026-09-09 12:01:17,14,"(1016, 323, 1211, 867)",0.7779102921485901
CAM_01,2026-09-09 12:01:18,14,"(984, 332, 1207, 847)",0.7730966806411743
CAM_01,2026-09-09 12:01:19,14,"(957, 344, 1190, 837)",0.7748537063598633
CAM_01,2026-09-09 12:01:20,14,"(945, 350, 1180, 836)",0.7982916235923767
CAM_01,2026-09-09 12:01:21,14,"(940, 351, 1174, 835)",0.7823000550270081
CAM_01,2026-09-09 12:01:22,14,"(939, 351, 1172, 837)",0.79961758852005
CAM_01,2026-09-09 12:01:23,14,"(939, 351, 1173, 837)",0.811602771282196
CAM_01,2026-09-09 12:01:24,14,"(939, 353, 1175, 837)",0.7889786958694458
CAM_01,2026-09-09 12:01:25,14,"(939, 355, 1178, 833)",0.7857065200805664
CAM_01,2026-09-09 12:01:26,14,"(939, 354, 1182, 833)",0.771374523639679
CAM_01,2026-09-09 12:01:27,14,"(940, 357, 1185, 835)",0.7469022870063782
CAM_01,2026-09-09 12:01:28,14,"(939, 369, 1234, 839)",0.7214214205741882
CAM_01,2026-09-09 12:01:29,14,"(939, 366, 1198, 838)",0.7833951115608215
CAM_01,2026-09-09 12:01:30,14,"(939, 365, 1187, 838)",0.7873508930206299
CAM_01,2026-09-09 12:01:31,14,"(939, 363, 1187, 838)",0.7480295300483704
CAM_01,2026-09-09 12:01:32,14,"(939, 362, 1182, 838)",0.798082172870636
CAM_01,2026-09-09 12:01:33,14,"(939, 361, 1182, 837)",0.7787506580352783
CAM_01,2026-09-09 12:01:33,14,"(940, 362, 1184, 838)",0.7651879191398621
CAM_01,2026-09-09 12:01:34,14,"(940, 363, 1190, 838)",0.7390350699424744
CAM_01,2026-09-09 12:01:35,14,"(940, 363, 1188, 838)",0.762239933013916
CAM_01,2026-09-09 12:01:36,14,"(940, 363, 1187, 838)",0.7576462626457214
CAM_01,2026-09-09 12:01:37,14,"(940, 365, 1232, 841)",0.7719340920448303
CAM_01,2026-09-09 12:01:37,14,"(940, 365, 1249, 841)",0.7814172506332397
CAM_01,2026-09-09 12:01:38,14,"(940, 366, 1252, 842)",0.751380205154419
CAM_01,2026-09-09 12:01:39,14,"(940, 363, 1213, 839)",0.781092643737793
CAM_01,2026-09-09 12:01:40,14,"(940, 362, 1197, 838)",0.7894461750984192
CAM_01,2026-09-09 12:01:40,14,"(940, 361, 1188, 837)",0.8128752112388611
CAM_01,2026-09-09 12:01:41,14,"(940, 361, 1184, 836)",0.8017616868019104
CAM_01,2026-09-09 12:01:42,14,"(940, 361, 1181, 836)",0.8032171726226807
CAM_01,2026-09-09 12:01:43,14,"(940, 360, 1182, 838)",0.7642690539360046
CAM_01,2026-09-09 12:01:43,14,"(940, 361, 1184, 837)",0.7489035129547119
CAM_01,2026-09-09 12:01:44,14,"(940, 360, 1184, 838)",0.7895402908325195
CAM_01,2026-09-09 12:01:45,14,"(939, 360, 1182, 835)",0.7718307971954346
CAM_01,2026-09-09 12:01:46,14,"(939, 361, 1184, 833)",0.7566832304000854
CAM_01,2026-09-09 12:01:46,14,"(972, 334, 1200, 842)",0.6760196089744568
CAM_01,2026-09-09 12:02:06,44,"(758, 263, 936, 774)",0.8864548206329346
CAM_01,2026-09-09 12:02:07,44,"(790, 264, 947, 805)",0.8619763255119324
CAM_01,2026-09-09 12:02:08,44,"(809, 264, 956, 836)",0.8562303781509399
CAM_01,2026-09-09 12:02:09,44,"(815, 267, 963, 831)",0.8774686455726624
CAM_01,2026-09-09 12:02:09,44,"(805, 277, 969, 838)",0.8785147666931152
CAM_01,2026-09-09 12:02:10,44,"(799, 284, 989, 851)",0.8659160137176514
CAM_01,2026-09-09 12:02:11,44,"(800, 300, 992, 861)",0.8895817995071411
CAM_01,2026-09-09 12:02:12,44,"(810, 308, 1003, 870)",0.8610184192657471
CAM_01,2026-09-09 12:02:12,44,"(827, 313, 1016, 874)",0.8848651051521301
CAM_01,2026-09-09 12:02:13,44,"(819, 317, 1016, 890)",0.8910975456237793
CAM_01,2026-09-09 12:02:14,44,"(805, 317, 999, 893)",0.8812856078147888
CAM_01,2026-09-09 12:02:15,44,"(782, 316, 997, 891)",0.8934839367866516
CAM_01,2026-09-09 12:02:16,44,"(779, 310, 963, 888)",0.8794344067573547
CAM_01,2026-09-09 12:02:17,44,"(789, 295, 970, 885)",0.8390234112739563
CAM_01,2026-09-09 12:02:17,44,"(805, 284, 982, 883)",0.8551945090293884
CAM_01,2026-09-09 12:02:18,44,"(825, 284, 994, 867)",0.8779167532920837
CAM_01,2026-09-09 12:02:19,44,"(853, 289, 1021, 851)",0.8552542328834534
CAM_01,2026-09-09 12:02:20,44,"(864, 299, 1044, 843)",0.8510088920593262
CAM_01,2026-09-09 12:02:21,44,"(910, 304, 1080, 834)",0.8492425084114075
CAM_01,2026-09-09 12:02:22,44,"(973, 307, 1139, 845)",0.7946595549583435
CAM_01,2026-09-09 12:02:23,44,"(995, 309, 1160, 849)",0.8195177912712097
CAM_01,2026-09-09 12:02:24,44,"(1004, 313, 1169, 850)",0.8137425184249878
CAM_01,2026-09-09 12:02:24,44,"(1007, 315, 1174, 851)",0.8165001273155212
CAM_01,2026-09-09 12:02:25,44,"(1007, 315, 1173, 851)",0.8164176940917969
CAM_01,2026-09-09 12:02:26,44,"(1006, 315, 1174, 851)",0.8336734175682068
CAM_01,2026-09-09 12:02:27,44,"(1005, 315, 1173, 850)",0.8318681716918945
CAM_01,2026-09-09 12:02:27,44,"(1005, 315, 1170, 849)",0.8358538746833801
CAM_01,2026-09-09 12:02:28,44,"(1003, 315, 1169, 851)",0.8310769200325012
CAM_01,2026-09-09 12:02:29,44,"(1003, 314, 1169, 852)",0.8212419748306274
CAM_01,2026-09-09 12:02:30,44,"(1003, 314, 1168, 852)",0.8306131362915039
CAM_01,2026-09-09 12:02:30,44,"(1003, 314, 1168, 852)",0.8170265555381775
CAM_01,2026-09-09 12:02:31,44,"(1003, 313, 1169, 851)",0.8174508810043335
CAM_01,2026-09-09 12:02:32,44,"(1003, 314, 1168, 850)",0.8150248527526855
CAM_01,2026-09-09 12:02:33,44,"(1003, 315, 1170, 851)",0.8018637895584106
CAM_01,2026-09-09 12:02:34,44,"(1003, 315, 1169, 851)",0.800092875957489
CAM_01,2026-09-09 12:02:34,44,"(1002, 315, 1169, 850)",0.8208162188529968
CAM_01,2026-09-09 12:02:35,44,"(1001, 315, 1169, 849)",0.8135337233543396
CAM_01,2026-09-09 12:02:36,44,"(1001, 313, 1169, 849)",0.8104747533798218
CAM_01,2026-09-09 12:02:37,44,"(1001, 314, 1166, 851)",0.7915922999382019
CAM_01,2026-09-09 12:02:37,44,"(1000, 314, 1168, 851)",0.7983867526054382
CAM_01,2026-09-09 12:02:38,44,"(935, 311, 1166, 839)",0.8666395545005798
CAM_01,2026-09-09 12:02:39,64,"(739, 262, 883, 783)",0.826296329498291
CAM_01,2026-09-09 12:02:40,44,"(891, 296, 1077, 871)",0.854144275188446
CAM_01,2026-09-09 12:02:41,44,"(892, 297, 1062, 871)",0.8451068997383118
CAM_01,2026-09-09 12:02:41,44,"(897, 302, 1064, 867)",0.8435785174369812
CAM_01,2026-09-09 12:02:42,44,"(906, 307, 1069, 866)",0.8451144695281982
CAM_01,2026-09-09 12:02:43,44,"(910, 307, 1075, 862)",0.7883366346359253
CAM_01,2026-09-09 12:02:44,44,"(911, 315, 1085, 870)",0.8385851383209229
CAM_01,2026-09-09 12:02:44,44,"(916, 316, 1086, 871)",0.8175472021102905
CAM_01,2026-09-09 12:02:45,44,"(930, 313, 1095, 870)",0.8148094415664673
CAM_01,2026-09-09 12:02:46,44,"(939, 312, 1104, 867)",0.8449003100395203
CAM_01,2026-09-09 12:02:47,44,"(943, 311, 1111, 868)",0.834339439868927
CAM_01,2026-09-09 12:02:47,44,"(946, 310, 1114, 869)",0.8413912653923035
CAM_01,2026-09-09 12:02:48,44,"(946, 311, 1118, 867)",0.8248204588890076
CAM_01,2026-09-09 12:02:49,44,"(947, 310, 1122, 865)",0.8327098488807678
CAM_01,2026-09-09 12:02:50,44,"(948, 309, 1123, 865)",0.8213053941726685
CAM_01,2026-09-09 12:02:50,44,"(947, 310, 1124, 866)",0.8152272701263428
CAM_01,2026-09-09 12:02:51,44,"(947, 312, 1124, 865)",0.8061400651931763
CAM_01,2026-09-09 12:02:52,44,"(948, 311, 1124, 863)",0.8127759099006653
CAM_01,2026-09-09 12:02:53,44,"(948, 311, 1125, 864)",0.8278793692588806
CAM_01,2026-09-09 12:02:53,44,"(948, 310, 1122, 864)",0.8232749700546265
CAM_01,2026-09-09 12:02:54,44,"(952, 308, 1124, 864)",0.8295829892158508
CAM_01,2026-09-09 12:02:55,44,"(947, 317, 1124, 893)",0.8441728353500366
CAM_01,2026-09-09 12:03:18,82,"(1391, 595, 1805, 1071)",0.9258041977882385
CAM_01,2026-09-09 12:03:18,82,"(1405, 593, 1820, 1073)",0.9176909923553467
CAM_01,2026-09-09 12:03:19,82,"(1402, 578, 1785, 1074)",0.9207308888435364
CAM_01,2026-09-09 12:03:20,82,"(1354, 568, 1699, 1073)",0.8954300284385681
CAM_01,2026-09-09 12:03:20,82,"(1245, 551, 1569, 1073)",0.8913416862487793
CAM_01,2026-09-09 12:03:22,83,"(770, 262, 917, 775)",0.7906933426856995
CAM_01,2026-09-09 12:03:23,83,"(795, 264, 948, 779)",0.8073971271514893
CAM_01,2026-09-09 12:03:23,83,"(816, 299, 1008, 783)",0.833428680896759
CAM_01,2026-09-09 12:03:24,83,"(855, 320, 1062, 786)",0.8609955906867981
CAM_01,2026-09-09 12:03:25,83,"(881, 326, 1103, 812)",0.8365976214408875
CAM_01,2026-09-09 12:03:25,83,"(897, 326, 1124, 819)",0.8693710565567017
CAM_01,2026-09-09 12:03:26,83,"(912, 314, 1121, 819)",0.8617759346961975
CAM_01,2026-09-09 12:03:27,83,"(916, 309, 1111, 819)",0.8381387591362
CAM_01,2026-09-09 12:03:28,83,"(920, 304, 1102, 816)",0.8331941366195679
CAM_01,2026-09-09 12:03:29,83,"(921, 296, 1091, 815)",0.8440255522727966
CAM_01,2026-09-09 12:03:30,83,"(912, 287, 1083, 817)",0.8429486155509949
CAM_01,2026-09-09 12:03:31,83,"(912, 284, 1078, 818)",0.8468949794769287
CAM_01,2026-09-09 12:03:32,83,"(913, 282, 1073, 815)",0.8521581888198853
CAM_01,2026-09-09 12:03:32,83,"(900, 280, 1073, 816)",0.8499645590782166
CAM_01,2026-09-09 12:03:33,83,"(892, 279, 1073, 816)",0.8509781360626221
CAM_01,2026-09-09 12:03:34,83,"(891, 279, 1074, 817)",0.85710608959198
CAM_01,2026-09-09 12:03:35,83,"(890, 280, 1072, 817)",0.8439456820487976
CAM_01,2026-09-09 12:03:36,83,"(883, 280, 1070, 816)",0.8267033696174622
CAM_01,2026-09-09 12:03:37,83,"(908, 283, 1073, 818)",0.8413514494895935
CAM_01,2026-09-09 12:03:38,83,"(967, 307, 1138, 869)",0.7904704213142395
CAM_01,2026-09-09 12:03:39,83,"(986, 318, 1159, 904)",0.7964946031570435
CAM_01,2026-09-09 12:03:40,83,"(992, 320, 1168, 919)",0.8162856698036194
CAM_01,2026-09-09 12:03:41,83,"(995, 319, 1178, 916)",0.813052237033844
CAM_01,2026-09-09 12:03:42,83,"(998, 322, 1179, 915)",0.7268539071083069
CAM_01,2026-09-09 12:03:43,83,"(1000, 324, 1176, 912)",0.7419361472129822
